2053,-68.647400,86.843300,-109.310600,-391.467000,-45.272700,-18.017700,32.253000,-7.985300,81.180800,99.793800,-70.091600,87.052400,-111.121400,-386.099400,-49.660800,-12.535200,31.772700,-4.203000,80.333100,97.290700
2054,26.080700,99.437300,25.536400,175.381600,8.449600,-33.348500,3.010800,63.496900,-115.930300,111.220200,107.059500,-54.976600,85.963900,232.922300,8.289400,-30.552600,153.338100,-164.582500,347.222500,-111.277000
2055,108.186800,-56.631300,87.665300,230.744600,8.893600,-29.211700,152.342800,-167.041400,348.784600,-117.098000,112.128000,-62.271400,84.807100,228.301300,9.746300,-27.049800,147.404100,-163.378200,345.166200,-111.874700
2056,111.332900,-62.551500,80.664000,220.327500,8.824700,-26.720100,147.973700,-164.048600,350.290900,-111.544100,108.087600,-56.266500,83.706400,222.675000,11.876000,-33.364500,150.751000,-165.731400,345.803900,-109.071600
2057,105.648400,-55.336800,81.017600,219.167000,12.656700,-33.927200,148.518700,-162.604500,345.768400,-110.767900,107.350600,-56.386100,83.754600,232.985100,9.856800,-29.045300,145.966900,-158.167500,337.433100,-110.404900
2058,107.203600,-56.171600,82.144800,231.222200,11.050100,-32.139900,150.307300,-160.681100,347.907000,-109.301000,111.456000,-58.086300,86.672600,231.821800,10.899800,-30.849000,149.803200,-164.900600,345.293800,-111.400200
2059,110.900800,-58.691500,90.676200,230.372300,14.697600,-35.790000,149.158600,-165.931700,343.831300,-110.131600,108.798100,-59.280100,85.619600,235.982700,8.823500,-30.474600,150.744800,-161.600400,348.363900,-109.799900
2060,109.369200,-59.289800,84.037300,226.280300,7.713000,-28.609000,149.442100,-162.999000,346.250100,-108.860000,109.360000,-56.764800,84.928200,226.289600,10.922800,-30.423400,150.656200,-165.342500,343.937600,-110.508000
2061,111.460300,-57.713400,82.796200,224.990700,13.248100,-33.187300,149.735600,-164.976500,348.775000,-109.384000,108.669800,-61.167300,84.555800,223.135600,12.036900,-31.801400,147.040800,-163.295700,345.440800,-110.747000
2062,107.862000,-55.536100,81.533400,224.594200,8.033900,-29.624700,150.969900,-162.813800,348.917800,-109.948300,109.863000,-58.222000,84.880900,228.267200,9.387000,-29.480000,149.798700,-163.870600,347.248600,-111.589000
2063,110.245900,-59.434600,79.665500,223.248500,10.426900,-29.663000,150.135400,-163.577300,351.278400,-109.824300,109.477600,-61.078600,87.551600,233.471500,5.724700,-27.981200,150.332800,-162.897100,349.554500,-111.609900
2064,107.974600,-56.691900,82.171500,230.887800,1.878400,-25.630500,152.516500,-159.828800,352.544000,-107.468100,110.012400,-60.787500,84.645200,227.840700,6.952000,-25.071500,150.962800,-166.259900,348.560000,-115.437400
2065,113.062000,-64.266000,84.913100,224.988100,2.074900,-21.675900,150.504600,-166.203500,353.478300,-113.775000,111.736700,-64.590100,84.290900,232.375700,4.425500,-23.939900,149.274500,-161.763700,353.001900,-112.381400
2066,109.304700,-58.995400,84.112100,226.661600,6.114100,-26.483100,147.642900,-161.047600,346.831100,-112.243300,110.951600,-61.206600,84.745600,230.746700,7.957100,-27.307400,149.980300,-163.213900,348.627300,-110.977500
2067,111.286200,-60.231500,81.959000,227.975300,8.291400,-26.892000,148.858500,-161.984600,347.423700,-109.862600,108.723200,-58.415100,82.674600,225.762500,4.948900,-25.090700,151.094700,-163.451900,350.279700,-112.759500
2068,111.601700,-62.299100,83.658000,224.069600,5.782000,-26.088500,149.968400,-164.966100,351.091900,-110.924600,112.155700,-61.679400,81.636700,227.746900,7.920600,-25.150500,150.197700,-164.012800,352.201900,-113.211300
2069,111.888400,-60.121700,81.910700,220.070500,4.395600,-23.614700,147.655600,-163.148100,350.748700,-113.144600,111.080800,-60.372100,84.281400,217.923300,5.258600,-25.811800,151.075300,-168.120300,351.608000,-112.841100
2070,106.193100,-55.586400,83.294900,222.689900,5.329100,-27.361900,153.253000,-165.674700,352.400000,-114.833000,108.583100,-56.283000,83.329500,228.324900,8.604300,-30.834000,155.300400,-167.456000,353.299600,-111.139100
2071,107.105500,-54.743400,85.481300,229.128200,7.660500,-28.702800,155.665100,-168.079700,353.072700,-116.552000,110.459900,-58.585500,87.130500,230.919400,10.109200,-31.109900,156.520400,-171.163500,353.735900,-112.406100
2072,108.592400,-58.267200,91.481000,232.176700,12.810400,-34.332600,149.577700,-166.656500,340.686400,-111.950900,112.419800,-61.401600,85.512900,233.006000,8.856900,-26.020200,153.342600,-168.160100,354.011700,-117.041200
2073,110.513400,-61.004700,87.433200,232.118700,7.006800,-28.428800,154.183100,-167.129600,352.221100,-110.462000,108.036600,-56.066400,90.476500,234.007900,11.296200,-33.197100,155.343800,-170.155000,351.319000,-116.876600
2074,111.952600,-57.974900,94.270600,242.376300,8.592500,-29.343700,156.727800,-171.519000,349.497400,-115.879000,109.050200,-56.240600,90.459400,227.838900,7.013600,-30.486900,156.803900,-172.324500,352.046400,-113.671200
2075,111.548900,-62.386000,90.015000,232.127100,8.623100,-27.401500,151.414100,-168.429200,349.520100,-116.318200,112.052200,-59.601900,85.684300,227.635900,9.683500,-28.687700,152.461000,-167.803500,349.592700,-111.389300
2076,110.128400,-61.402600,83.043500,230.199600,6.791500,-29.383100,152.214400,-164.112600,356.070700,-109.882000,109.631500,-57.798300,87.813600,228.164600,7.715700,-29.792500,154.938300,-169.812100,354.132400,-114.736100
2077,111.274700,-60.935600,87.935400,225.364000,9.976000,-29.840800,154.696200,-172.242200,353.581400,-114.427500,109.810600,-57.908200,85.886000,233.610900,11.064600,-31.503300,151.809900,-165.626200,351.065500,-114.170000
2078,112.652900,-62.127000,87.167400,230.412300,7.707500,-26.994400,150.711700,-166.698700,350.754500,-114.110900,111.895100,-58.927100,88.369600,238.582400,4.353800,-25.559700,153.967900,-164.911800,351.250100,-111.547600
2079,106.145700,-54.328900,90.267600,230.181000,11.233600,-34.025300,155.908900,-169.583600,347.550800,-113.294200,108.916600,-53.447100,85.956800,228.431900,12.859200,-34.448000,152.079200,-166.354400,345.519800,-110.501500
2080,108.292400,-57.042100,84.927200,228.913500,11.436900,-33.492500,151.891500,-164.529800,347.579600,-108.156800,109.137600,-57.580200,85.433300,229.875500,11.677100,-32.037300,150.521600,-165.034300,346.012000,-111.479500
2081,109.748600,-56.014500,86.449200,226.437900,13.420500,-34.462100,151.554900,-168.266100,346.708800,-112.170000,110.429000,-57.027800,87.781000,230.954400,14.244700,-34.952800,151.805700,-166.831500,347.634000,-110.515900
2082,107.895300,-55.529200,93.592100,239.462400,11.202300,-32.403900,155.755300,-170.461900,343.442000,-115.244000,110.250300,-57.028100,87.886900,228.107400,9.758900,-29.572100,153.111400,-169.225000,346.434500,-113.283800
2083,106.567900,-56.175200,86.492900,227.419900,10.630300,-33.795600,151.679900,-164.742500,348.932100,-111.019900,109.138400,-59.100300,89.928000,232.415700,4.728700,-27.772400,152.801300,-166.422400,350.941300,-114.418400
2084,109.744000,-60.064900,84.589800,227.055100,5.448600,-26.880700,152.525700,-165.869500,352.753800,-111.686800,109.763100,-60.014700,85.514200,233.749100,5.971100,-25.513300,154.642100,-167.644400,353.347400,-115.143800
2085,109.030600,-57.458800,89.314700,235.647200,6.566300,-26.576300,152.569700,-166.060500,344.432400,-114.340700,110.565300,-59.708000,80.966100,231.955700,2.245800,-22.327200,154.356000,-163.964500,354.858500,-111.309400
2086,107.675200,-58.773100,89.399100,237.414100,6.045100,-26.749900,152.638400,-165.012600,348.015400,-116.310900,108.170500,-56.623600,89.483000,230.039500,7.289300,-28.044700,154.623800,-169.980000,350.074300,-118.801800
2087,107.656800,-56.979800,88.037500,233.671900,5.065100,-28.011800,155.841300,-167.962100,350.599800,-113.178100,109.737700,-59.029100,91.096500,236.552200,5.689700,-25.912200,153.733600,-167.586700,350.043100,-117.511400
2088,110.972300,-59.363500,84.636400,228.930000,6.196300,-25.371800,152.865800,-166.399300,354.386500,-115.498800,107.972600,-57.650400,86.138900,228.488000,6.890700,-29.183400,153.873500,-166.958700,350.406000,-112.050500
2089,109.484800,-57.703300,87.698900,232.729000,10.136200,-29.583200,150.351400,-165.633000,343.360800,-113.447400,108.025900,-54.792400,87.801300,229.643000,11.000100,-32.566700,152.200600,-166.927300,348.240700,-114.889400
2090,106.303200,-52.041500,88.319300,230.081900,9.994800,-33.748400,153.892600,-166.213300,345.679100,-111.075200,106.249500,-53.639800,88.132700,228.513400,10.754900,-33.553700,152.044700,-166.294200,345.475800,-113.334000
2091,108.517600,-56.763200,84.708400,231.977800,9.296900,-29.917800,151.745000,-163.782200,349.245100,-112.607500,108.889000,-56.068500,86.935500,220.896700,12.815600,-34.068800,151.625100,-169.560100,346.687400,-113.189700
2092,105.748500,-55.596200,86.208800,225.677500,7.397000,-31.415100,156.549600,-169.772800,353.925600,-113.859100,106.593900,-55.594100,85.044900,230.078600,9.173700,-31.520700,153.650200,-165.135600,351.314300,-112.486000
2093,106.155200,-52.111600,86.170100,227.592600,8.062000,-30.524400,152.331700,-164.541500,343.743300,-111.470800,106.428700,-55.757500,85.630000,227.933100,10.274900,-31.303500,151.349900,-164.834900,344.130600,-111.602100
2094,106.833600,-55.766100,84.109200,226.440400,9.741300,-31.348500,150.757900,-163.682600,346.872700,-111.624600,108.412900,-57.998600,85.559500,226.274600,8.160300,-30.594500,152.940700,-167.027900,350.817200,-111.427400
2095,107.852900,-55.319500,80.544900,219.504000,6.901700,-29.007700,152.366900,-165.135700,352.842700,-111.524000,112.707900,-61.938400,86.867100,226.858800,7.484800,-25.769000,151.400400,-168.806100,351.694900,-116.242200
2096,107.348500,-55.641500,84.836600,230.065100,1.759500,-23.772500,153.069100,-164.290900,347.735700,-114.165500,107.850100,-57.423700,85.008300,230.484100,2.643400,-24.280700,154.392400,-164.556500,354.137800,-114.416000
2097,109.891500,-59.563900,87.323500,227.730100,5.525000,-25.838900,153.189300,-169.560800,354.246900,-119.650500,107.948300,-59.851700,83.136100,229.506300,2.382700,-23.957800,154.443500,-165.121500,354.585900,-113.198300
2098,107.420600,-57.381900,85.395000,227.270500,5.774900,-28.709700,151.254500,-163.462000,348.686000,-110.710300,107.881200,-55.926400,85.544000,223.120700,10.702500,-31.250500,151.596000,-166.354100,347.703000,-113.277600
2099,107.444200,-54.470000,83.227500,220.205000,3.288700,-26.439700,154.658900,-167.557800,352.116100,-113.493800,109.541900,-58.224200,82.820000,225.330800,5.157500,-25.764200,154.022100,-166.768700,353.803800,-112.807500
2100,-96.607600,155.692200,-212.766300,-259.607400,-31.859400,57.689900,-241.944800,345.331900,-262.793000,77.142000,33.166300,94.406700,25.825500,182.039200,10.530200,-30.742100,1.934900,61.536700,-114.398900,109.551200
2101,30.031200,96.465800,22.781200,175.573800,7.252600,-28.654600,-3.113100,69.488800,-120.891400,113.969200,29.864900,97.229400,21.826800,177.807200,5.017800,-26.918800,2.253300,65.534300,-115.146900,111.875400
2102,31.146900,94.975000,25.194900,178.480100,5.608400,-26.913500,3.874700,62.298700,-109.747000,109.080600,32.420000,92.965500,22.545700,178.230800,-0.274600,-20.465500,2.194400,64.265200,-113.042200,109.789500
2103,31.000800,91.886600,16.922900,172.023900,4.105500,-22.523200,3.520600,62.874500,-110.226900,111.293400,32.207200,95.866300,23.571200,180.649100,1.531500,-22.952200,1.687800,65.863500,-116.448800,112.045200
2104,32.119600,95.787100,19.174400,180.000500,2.621400,-23.496700,0.535900,69.904900,-111.838200,113.146900,31.475900,91.411400,20.971800,184.250700,5.615000,-24.469400,-0.180700,68.518000,-115.020900,111.910500
2105,33.100300,94.425800,24.143500,179.862100,2.740600,-24.509800,2.053500,64.468300,-112.190800,111.074800,30.023000,94.380300,19.848500,175.583500,4.540400,-24.521000,2.367400,64.395100,-115.357000,111.791500
2106,30.974300,95.403400,17.213000,172.525200,4.793500,-24.330300,0.278400,67.073700,-114.860800,112.897900,34.194700,90.554700,16.345500,166.927900,2.938600,-22.658600,-2.717900,67.932000,-111.006800,114.604200
2107,26.628100,101.426500,24.811300,173.829000,11.164600,-34.615800,4.210700,60.470700,-115.905700,108.421600,31.936400,94.030600,23.280500,178.707200,6.503800,-27.124300,-0.492100,66.280300,-116.465200,112.224700
2108,31.382000,95.999000,26.776500,183.832000,8.851800,-30.205000,1.568800,63.396100,-118.895500,111.648600,29.541000,95.549000,25.045200,182.651100,9.891200,-31.589500,1.032100,65.523100,-118.623200,112.907000
2109,27.112500,95.006800,18.371300,178.664100,6.793700,-27.565100,0.555800,69.564200,-114.969000,113.119900,32.411200,93.284300,22.485900,175.399500,5.821600,-27.754900,-1.118400,66.557600,-113.262200,112.722700
2110,30.030700,95.940300,23.921100,178.583200,10.804000,-32.759100,1.001900,65.066300,-114.510800,112.437900,31.370900,94.049100,23.666000,177.783700,5.504200,-27.976500,0.078100,65.630700,-115.273300,112.978000
2111,34.205700,90.088500,22.983600,178.404600,5.859400,-26.454400,0.082300,65.534000,-112.516100,114.870000,33.643000,90.932600,23.466200,175.367700,7.631900,-27.602600,-1.807100,64.538100,-115.544300,111.485500
2112,32.355000,92.781600,17.627000,167.333700,9.684700,-28.998800,-0.874300,63.864200,-114.369300,113.891400,28.427000,99.260500,18.168400,168.711000,3.186400,-26.353300,2.611800,66.062300,-110.718100,111.813100
2113,29.465900,92.755700,16.741100,171.745100,6.915000,-27.055800,-2.040300,68.917700,-112.179500,111.993200,30.120200,95.652600,21.568500,173.321000,7.743300,-28.115900,-0.145000,64.208900,-116.565900,109.347500
2114,33.333900,94.301600,21.217400,173.305800,9.831900,-29.386600,0.351200,62.792400,-115.006500,112.119100,34.298800,94.240700,20.742300,175.351900,6.821200,-26.577700,-0.731200,64.853600,-116.157500,113.308300
2115,30.477300,94.630100,19.876400,169.933600,9.231600,-31.148700,-0.301700,65.146300,-113.579300,114.137500,33.342700,93.188600,24.517100,177.273400,10.976600,-32.214800,1.998300,61.914500,-111.482100,113.363500
2116,32.595500,95.173800,22.510200,175.556600,9.566600,-29.968000,3.371300,60.849600,-113.608400,112.395400,31.908200,94.866200,23.804400,184.169200,11.588800,-31.015500,1.066300,65.069200,-115.767400,111.069900
2117,29.755300,96.546300,19.680100,177.906100,6.531100,-28.593300,4.070100,65.024300,-112.148900,114.651800,27.189000,98.093000,22.267200,186.275200,9.455200,-32.374200,6.567300,64.362200,-111.769700,113.100300
2118,29.532900,96.269700,20.569800,179.052400,6.421000,-29.413100,0.672000,68.801800,-114.764900,115.801800,28.093100,98.936000,22.309000,177.141000,4.375000,-28.858300,1.987800,67.220600,-117.390500,115.477800
2119,29.707800,93.553100,21.449600,182.083400,9.005700,-31.262300,2.146000,65.724400,-114.881400,115.224800,29.527200,93.979700,19.965800,186.249400,7.824800,-28.992700,0.966400,70.282100,-114.944000,116.248200
2120,28.093800,96.757800,23.661600,181.688400,4.829900,-29.899000,5.250500,64.859300,-113.191000,116.025000,32.288100,94.660900,22.408400,183.210300,6.187400,-27.561500,0.569200,67.332900,-115.736400,114.412000
2121,29.699400,96.342400,27.658800,182.839000,9.047500,-31.016300,3.488900,61.165900,-119.045800,110.524900,30.288500,96.920000,27.360800,183.738600,8.086300,-30.407100,2.448100,63.816100,-114.639200,109.550800
2122,31.697400,95.337900,23.771200,178.860400,11.260100,-30.234500,1.333200,62.469600,-115.348600,108.400000,34.385800,92.749800,24.421100,184.168400,6.935700,-25.683900,-0.530800,64.559000,-115.870000,107.864100
2123,35.396800,93.678300,27.873800,187.434300,6.105600,-26.681900,4.108300,60.630900,-110.343600,107.595700,29.353300,97.922600,27.532700,186.539900,5.893200,-28.746100,2.016000,66.133200,-118.516300,110.884200
2124,31.645300,97.939900,23.194300,177.148900,7.695500,-27.967900,2.035400,62.755500,-114.714100,108.421400,31.146900,94.975000,25.194900,178.480100,5.608400,-26.913500,3.874700,62.298700,-109.747000,109.080600
2125,31.889400,99.555700,30.725900,181.499900,15.633800,-36.619400,4.428700,55.896800,-120.629700,108.428100,27.483900,99.143900,21.988200,175.544800,11.731500,-32.830500,1.618500,64.642800,-117.585300,110.980800
2126,30.772800,94.061200,25.259000,177.448800,11.455200,-31.629100,1.578700,60.557800,-116.618900,108.455200,28.116800,99.063900,26.907400,183.914400,11.581200,-33.220200,2.536400,64.079900,-121.489300,111.970100
2127,28.521500,98.036100,23.643600,173.504300,9.897400,-32.389900,3.335400,61.258300,-116.976800,111.815600,30.543300,99.209700,21.755200,172.935200,10.850000,-33.623800,0.967600,63.735100,-115.567900,113.192500
2128,26.080700,99.437300,25.536400,175.381600,8.449600,-33.348500,3.010800,63.496900,-115.930300,111.220200,28.521500,98.036100,23.643600,173.504300,9.897400,-32.389900,3.335400,61.258300,-116.976800,111.815600
2129,33.034200,91.338200,20.726400,176.753400,6.914900,-26.102500,-3.409100,68.770600,-119.006700,114.697500,35.446800,89.008200,24.719700,186.545100,12.535000,-30.067300,-2.387600,65.775400,-120.272600,114.572000
2130,29.014800,97.087100,26.458800,182.700900,13.808400,-34.590200,1.182200,62.317900,-121.573200,110.280500,30.103500,97.465200,23.440000,180.511200,13.057500,-33.702700,-0.136300,64.711500,-122.776200,113.306300
2131,31.849600,93.873100,26.106700,182.428400,11.058700,-33.174000,-0.670200,66.814300,-116.313000,114.927900,30.329500,98.869200,22.711500,175.214900,16.952900,-37.429800,1.104500,61.853100,-117.485800,111.586700
2132,29.022100,98.232300,24.379100,184.820400,10.214300,-33.095100,0.137600,68.360600,-121.181600,115.773300,30.962400,92.989200,23.566100,182.719700,11.363900,-29.127000,-1.670200,65.379100,-120.117500,108.182300
2133,32.931800,94.941500,20.795700,170.047900,12.365200,-33.997900,-4.225900,68.082000,-118.201700,118.476200,24.755000,101.555700,16.687700,171.448700,5.785400,-29.000000,-2.271600,73.350400,-120.912900,115.805600
2134,28.442900,96.469300,16.465700,171.640700,10.698900,-30.535600,-5.218400,72.428500,-121.995500,115.797900,28.948600,99.919800,21.445500,174.677400,7.998100,-29.591900,-2.034200,68.813500,-121.828900,113.441900
2135,28.948600,99.919800,21.445500,174.677400,7.998100,-29.591900,-2.034200,68.813500,-121.828900,113.441900,26.134200,98.314600,21.330500,176.783400,9.257900,-33.097200,-0.856100,69.951800,-120.732700,116.414100
2136,26.635700,99.403600,19.525300,178.366700,4.870500,-27.272500,-2.623800,73.894200,-122.676700,116.073700,29.103500,96.938100,17.656300,172.918800,8.730600,-28.811300,-0.623100,68.167700,-119.956400,115.797400
2137,31.608400,94.412200,20.693100,181.082200,8.655600,-27.766300,-1.241700,68.271000,-118.729100,113.594500,29.636900,98.763600,18.849900,171.765500,10.885400,-32.681300,-2.035100,68.044800,-121.871500,117.280000
2138,29.450100,100.796400,20.618500,171.733700,9.876500,-32.305100,-1.824500,69.153800,-120.377500,116.395900,30.035000,95.189400,18.054600,174.212100,13.596100,-33.347800,-6.090600,71.670100,-123.992600,118.263000
2139,27.263900,97.192000,20.340100,173.033200,13.812100,-35.145800,1.149700,64.577100,-118.535600,115.439100,29.597800,99.509700,18.776700,173.184200,11.020800,-31.686700,-1.112200,66.919900,-118.660900,112.496500
2140,30.220900,95.304300,20.581300,176.454400,9.616300,-32.242800,-0.789000,67.560300,-117.450500,117.483800,29.910800,97.280800,18.630200,173.539200,8.158400,-30.151600,-1.575300,69.677600,-116.262600,115.884500
2141,31.181200,95.456200,21.911900,171.379000,7.647900,-30.028400,-1.429000,65.303700,-117.715400,113.718800,30.817100,96.173900,24.239300,170.173900,7.977500,-27.438300,-2.073000,63.624500,-122.359600,109.548500
2142,31.197300,93.977000,23.229600,179.639200,8.318500,-28.936100,-3.524600,69.461900,-122.158300,114.568300,31.247500,94.482800,24.015900,182.447900,7.117600,-28.407000,-1.986500,68.571100,-119.772100,113.640400
2143,29.806400,94.749700,22.746000,177.013600,9.237500,-29.823700,-0.007100,65.129600,-119.174300,112.415200,31.259700,91.359300,24.367500,179.939800,7.177000,-29.028600,-2.803600,68.017400,-120.583600,115.960800
2144,30.494100,94.618100,21.305900,177.357000,10.647400,-31.115000,-2.837800,68.487500,-120.759700,115.029000,31.477100,93.285000,19.415100,170.836800,7.742400,-27.865300,-2.574900,66.566300,-115.795000,112.028600
2145,31.784100,92.868400,23.111600,177.108700,13.783500,-35.254500,-3.474200,68.398800,-117.166200,116.248100,32.538000,94.114900,21.599200,176.186900,14.206200,-33.612200,-2.162400,65.241000,-117.706500,112.728800
2146,-95.804600,151.570300,-210.934300,-249.601300,-32.186500,58.635900,-241.944000,345.871800,-263.637400,77.789400,-64.328400,80.869000,-111.556800,-385.918100,-48.477600,-12.529700,29.796500,-5.212900,82.367900,101.312300
2147,-66.711200,83.396200,-109.687800,-385.317700,-48.290600,-13.045700,30.142700,-5.149300,82.463600,96.687600,-68.124200,84.473700,-112.790700,-392.041100,-51.235200,-11.355300,30.190000,-4.265700,81.570800,100.272300
2148,-73.546200,85.626200,-114.115000,-384.955700,-48.935900,-13.267200,29.305000,1.282100,77.705500,100.079600,-65.878400,84.101100,-111.928300,-387.961200,-52.478900,-12.123900,31.963700,-4.450200,85.977400,102.800100
2149,-67.843200,86.160500,-114.441100,-394.375200,-50.553100,-12.407500,29.285500,-2.021300,81.995500,102.807300,-68.040700,85.143000,-112.621700,-387.291500,-52.866100,-9.560500,29.725600,-1.820300,80.135500,99.730900
2150,-68.131300,84.376400,-114.444600,-393.862000,-48.820300,-12.101400,28.183800,-3.466100,81.339900,97.589500,-68.787800,83.482500,-111.024100,-392.579000,-49.468100,-12.570300,28.963200,-4.439900,78.739900,99.506800
2151,-68.572700,84.657900,-107.330800,-384.990700,-46.859900,-14.385000,30.629100,-6.867000,80.820400,94.499700,-69.362400,86.844500,-108.478800,-382.945100,-51.874600,-12.749000,29.701100,-1.270100,76.070500,101.644000
2152,-68.260400,84.252300,-111.248200,-385.622500,-50.020700,-12.650700,30.116900,-2.380900,80.320200,101.642300,-66.764900,83.825600,-108.090000,-383.536100,-50.073000,-12.084000,29.675900,-5.113000,77.155600,98.146500
2153,-70.091600,87.052400,-111.121400,-386.099400,-49.660800,-12.535200,31.772700,-4.203000,80.333100,97.290700,-68.363700,84.134000,-106.261000,-385.459700,-49.157500,-15.587200,33.581300,-9.043100,81.703200,99.025500
2154,-66.051400,83.435200,-105.921600,-380.923800,-51.351100,-11.210900,38.076100,-13.502500,85.715200,95.433300,-64.027200,80.606200,-106.691100,-382.089100,-48.759700,-13.437800,29.754100,-6.480400,81.855600,98.953800
2155,-66.416300,83.496600,-107.011500,-382.229600,-48.375000,-14.988600,30.169100,-4.609500,80.719100,100.036500,-68.075300,86.759300,-101.608800,-378.904200,-44.940800,-18.592700,30.620700,-7.599700,73.395100,97.772500
2156,-66.997300,82.132100,-106.870400,-382.977700,-53.641400,-9.244100,33.074200,-7.350000,81.090800,98.120100,-66.697400,83.260000,-109.679500,-382.945800,-47.094700,-15.989300,33.783900,-7.302500,85.926000,100.758100
2157,-68.026700,83.030700,-109.880000,-389.687100,-48.192600,-13.147000,30.242600,-6.829300,81.101700,96.321600,-68.126000,86.219100,-110.317900,-386.390500,-48.206800,-15.777600,31.854500,-5.455500,80.694100,101.073700
2158,-91.475900,149.627200,-209.531700,-244.647900,-28.703600,58.109200,-238.064900,339.115900,-258.627900,73.639900,-98.460700,156.110000,-209.152400,-250.323200,-27.131000,52.884400,-242.888400,346.888300,-268.699200,77.412300
2159,-98.246600,153.236100,-216.230100,-254.055900,-30.686900,58.727000,-243.675200,349.453300,-266.885500,79.166900,-98.607300,152.266500,-211.569900,-253.219700,-31.469100,58.267000,-245.368900,349.930000,-267.247300,76.712700
2160,-97.422100,154.987600,-211.906600,-241.966700,-32.156700,60.681600,-240.522100,348.795300,-265.756300,75.862900,-96.314700,153.531700,-210.146600,-248.797900,-26.959300,54.199600,-243.052300,346.356200,-265.075000,76.671600
2161,-95.052400,152.238100,-210.580100,-249.824300,-30.128800,57.617900,-242.207400,345.822500,-263.619700,77.491300,-93.575400,148.803200,-213.101100,-249.703400,-30.884400,59.583200,-244.599100,349.384000,-262.216100,79.659400
2162,-99.539100,154.411300,-206.282300,-241.839200,-28.108400,52.852300,-242.141700,348.744400,-264.904900,75.627300,-96.897300,152.347600,-209.469700,-245.094700,-30.263900,56.109000,-243.822100,349.294600,-267.101100,79.387900
2163,-92.321700,150.560600,-210.816300,-252.854300,-26.592500,55.620000,-243.093100,343.091700,-262.391800,76.403300,-94.991000,151.252500,-209.826200,-254.061600,-26.412200,55.627000,-246.142200,346.368100,-270.751900,77.288800
2164,-92.178900,151.549700,-210.484700,-250.797600,-27.582200,56.298200,-246.665600,348.184500,-269.820600,80.594400,-92.784100,152.588200,-208.988100,-251.626500,-26.470200,54.643600,-246.743500,347.440900,-268.243200,78.238500
2165,-95.887600,155.673300,-210.711100,-250.026600,-30.386300,57.310500,-239.600500,344.804300,-261.500400,76.368900,-96.286300,152.497400,-211.565000,-254.718500,-31.300800,57.078300,-243.874100,347.131000,-263.368600,77.543900
2166,-92.942100,151.373900,-209.481700,-251.463000,-28.077000,56.226400,-242.707200,343.285700,-263.177600,75.404300,-95.662300,153.271400,-210.409800,-252.782900,-26.062700,54.173300,-240.347400,341.489100,-264.762900,76.370200
2167,-95.442000,152.000500,-209.336700,-248.507300,-29.447300,56.705700,-243.406000,346.529500,-264.940600,75.888700,-96.265800,155.153400,-209.786100,-252.754900,-31.757900,57.160200,-241.228900,345.363100,-263.977300,77.982500
2168,-98.972300,156.239100,-213.326000,-250.322300,-31.722200,60.032800,-243.210700,349.444800,-268.916400,75.378600,-97.534000,152.307400,-211.086600,-244.827400,-32.330600,59.665900,-242.884500,349.705800,-267.327500,78.430000
2169,-94.677900,151.715800,-211.628400,-244.761400,-33.654100,59.805500,-241.376000,348.413700,-263.147600,80.410200,-95.016400,153.179600,-211.717200,-244.952600,-29.978800,57.553700,-241.875200,347.962500,-264.007500,78.665500
2170,-99.212300,152.920300,-213.648800,-251.053000,-26.577000,53.841000,-241.319300,346.062800,-263.985300,77.485500,-97.423300,154.194100,-217.890500,-259.823300,-34.485500,60.115500,-242.247600,349.278300,-258.878600,79.817100
2171,-95.495800,151.713400,-214.913300,-258.150400,-32.932400,60.851000,-243.586000,347.688500,-262.156200,78.069100,-94.765400,150.990600,-214.822900,-254.169800,-32.593200,60.966000,-243.550700,347.800200,-259.910600,75.444400
2172,-93.466100,148.546300,-215.175900,-255.612000,-29.160900,58.103900,-246.581300,350.066000,-263.692100,81.171700,-96.896600,150.746900,-216.650300,-252.242500,-32.216800,60.673900,-245.862000,351.981600,-265.617000,78.984300
2173,-96.746700,154.428700,-214.233200,-251.308900,-30.988200,57.255300,-244.823900,350.589600,-266.591200,79.819400,-103.368900,159.169800,-214.165400,-252.278800,-29.726700,56.022000,-238.440400,345.450600,-265.111000,73.639700
2174,-96.991800,153.388800,-211.524000,-248.042800,-30.324100,54.890900,-239.488300,346.270100,-259.336300,80.493700,-96.623900,152.395900,-214.095500,-252.565900,-28.354000,55.983700,-242.639700,346.908800,-263.952400,78.533500
2175,-98.510700,154.784700,-217.312500,-250.085500,-31.864300,57.442100,-242.597600,352.538900,-263.457500,82.600100,-95.018300,148.840400,-213.644000,-250.252300,-27.667400,55.829200,-242.835000,346.973400,-262.432400,80.405400
2176,-96.579800,156.060400,-211.204500,-249.115400,-27.022900,51.400000,-243.346400,348.698800,-266.872800,82.193900,-94.108000,151.816300,-212.870700,-253.806100,-30.423400,58.650700,-242.717200,345.658400,-262.721000,77.627600
2177,-96.149200,151.289800,-213.559800,-248.025500,-30.153900,57.066200,-242.712800,348.942700,-261.978000,79.047000,-96.600100,150.868000,-218.286500,-254.056500,-28.633400,57.824100,-242.497300,348.013100,-259.691800,78.119500
2178,-95.768300,151.486900,-214.768900,-255.093300,-39.150300,64.939200,-236.827400,343.518100,-251.155600,74.559100,-95.614800,153.255100,-213.214500,-250.158700,-30.674400,58.319700,-239.520700,344.979500,-259.423700,76.446700
2179,-95.654500,150.582100,-213.591000,-252.041300,-29.567000,58.907800,-237.320900,341.275700,-257.404300,75.185400,-92.326700,149.304600,-207.713300,-243.566800,-32.427400,60.311500,-238.450200,341.265600,-254.586900,71.269100
2180,-94.243200,151.187800,-206.167000,-243.921600,-35.618800,63.035800,-236.898700,339.617500,-260.164200,71.188600,-93.734100,150.403400,-209.132300,-243.936100,-30.508800,60.749800,-242.045600,345.532400,-267.468000,76.674900
2181,-93.861000,150.485300,-207.974100,-242.095000,-28.772300,57.180900,-240.185800,343.038700,-261.476500,73.952300,-93.931000,149.830600,-210.934600,-242.880400,-30.095400,59.220800,-242.395600,346.515400,-264.248500,75.345800
2182,-94.534800,151.788000,-208.014900,-244.289000,-34.975600,60.327700,-240.250400,345.626500,-264.677900,78.794700,-93.932600,146.395300,-211.419000,-247.481700,-30.404400,61.696600,-242.992100,345.767200,-260.192100,72.322200
2183,-93.686600,149.725400,-211.478200,-245.385900,-33.231200,61.688200,-237.856200,342.659800,-256.936000,74.786700,-92.813200,151.934000,-208.863200,-245.148500,-35.482500,61.732400,-239.157200,344.292500,-259.607600,76.891100
2184,-95.537400,148.349700,-207.214500,-239.865200,-32.992700,61.382100,-237.369600,343.036800,-258.514700,73.598200,-95.411300,149.499600,-210.343000,-247.866000,-34.107400,64.708200,-238.890100,341.493600,-261.363500,69.565600
2185,-93.644000,151.377800,-208.787700,-247.508800,-32.222000,58.672700,-239.302800,342.625600,-258.050100,75.152400,-93.846700,150.766000,-207.918300,-242.220600,-31.455200,58.852300,-237.239400,341.119300,-258.937000,74.445600
2186,-97.715800,151.054900,-214.311300,-258.413800,-33.177500,58.954600,-239.531700,344.007000,-257.284500,77.048500,-92.674100,148.362200,-210.992700,-249.627000,-33.090000,62.669900,-244.674300,346.707400,-262.432900,74.062000
2187,-93.355900,148.115000,-211.220700,-250.395500,-30.555400,59.726700,-244.647200,346.898100,-261.898500,75.403400,-94.708800,151.505100,-209.214900,-247.359900,-32.462500,59.873500,-239.652600,342.889200,-261.694100,75.038500
2188,-92.808700,149.925500,-211.201100,-248.989000,-32.982800,61.927600,-240.225300,343.830900,-259.549800,76.166900,-96.881100,150.764600,-211.677500,-248.553100,-34.389600,62.807400,-236.976300,342.701600,-255.945000,72.236200
2189,-91.768700,149.693400,-207.971100,-251.628500,-30.507700,60.144200,-239.178000,338.550800,-258.584200,71.474500,-95.164800,151.180500,-211.497600,-250.429600,-30.299400,58.999900,-240.854100,344.269500,-261.111400,75.162300
2190,-94.793900,151.100900,-210.074600,-251.311500,-31.847800,60.164500,-241.094000,342.629900,-265.037600,75.025000,-93.294700,148.611100,-211.575800,-246.915400,-33.145100,61.695600,-240.472900,345.451500,-259.177800,77.426600
2191,-97.331100,152.146600,-210.339800,-245.185900,-34.107200,59.274400,-240.284400,348.142900,-259.798100,77.802600,-92.961300,149.972800,-215.215800,-248.715600,-33.666600,63.540800,-239.590900,343.237900,-259.211100,74.788800
2192,-91.731300,149.199900,-211.359800,-249.289000,-30.096500,58.351500,-243.434400,345.989300,-260.080500,77.228400,-91.354300,147.924600,-213.802900,-250.759400,-31.671200,62.036700,-246.264600,349.070500,-262.809200,77.525800
2193,-89.731900,145.061200,-212.488000,-250.630900,-32.560700,63.482900,-244.824100,345.653300,-262.583000,77.078600,-93.052400,148.136900,-214.974700,-249.770300,-36.615200,65.402800,-240.980300,346.538200,-261.921600,80.084800
2194,-96.598900,150.175400,-211.835500,-249.080500,-32.952700,62.336600,-242.114900,346.384800,-262.089300,72.420500,-93.516100,151.485400,-211.617500,-251.937900,-28.485800,57.391500,-241.719300,342.798900,-260.501100,73.601900
2195,-93.801600,152.009700,-212.070400,-252.626000,-36.307400,60.560200,-240.482900,345.798600,-256.268300,78.243300,-98.657200,152.915700,-214.361500,-249.576800,-33.552200,61.536400,-235.981600,342.181100,-255.943600,71.740900
2196,-92.905400,147.164400,-213.502600,-250.854500,-31.059700,57.732200,-240.214300,344.825000,-254.961600,81.011600,-93.501400,150.805000,-213.218000,-255.387900,-35.116100,61.858300,-242.157400,346.219500,-256.862000,76.734400
2197,-96.506200,152.824100,-215.767300,-254.961900,-36.288300,62.860000,-240.346700,347.063900,-258.501100,77.188400,-97.016800,151.787000,-215.812300,-254.656800,-34.169000,61.507800,-239.385100,345.492900,-257.719500,76.412900
2198,-94.604400,150.657100,-211.290500,-257.168600,-34.422200,61.457900,-242.017900,343.739100,-261.917300,76.329400,-95.273100,153.231400,-210.506600,-251.103400,-30.178700,57.040000,-240.370400,343.637000,-260.529200,75.447400
2199,-98.158800,152.354000,-220.388300,-260.338400,-36.551100,63.854600,-240.395700,348.016700,-254.152100,76.181700,-94.865800,149.186700,-214.354800,-254.578600,-36.642100,63.934800,-242.177100,347.539600,-257.883800,77.541600
2200,-91.141700,145.668400,-212.340000,-251.418000,-35.022100,65.347700,-237.668600,339.893600,-252.402100,72.697600,-95.593600,151.745900,-209.013400,-247.536000,-34.097300,59.002200,-232.625400,337.410400,-249.955200,73.157300
2201,-96.896900,151.258900,-213.678900,-250.689700,-39.523400,68.280800,-236.312800,342.501000,-255.234000,69.859700,-94.481400,147.202200,-209.218500,-240.967200,-37.051400,65.305800,-236.395900,341.766600,-253.335800,70.103300
2202,-94.420600,149.501200,-214.440200,-253.813900,-35.566900,63.875800,-239.786700,344.606200,-256.064700,75.719800,-91.807000,146.641500,-218.401200,-250.717500,-34.920900,65.451000,-240.779900,346.780100,-253.771200,77.157800
2203,-92.590300,147.945100,-214.537400,-255.851800,-36.322200,63.904700,-242.331300,346.357800,-256.891600,78.051200,-96.609600,150.923200,-215.179100,-253.387500,-35.618500,62.367000,-238.218000,345.294300,-255.637600,77.776400
2204,-239.961100,335.600500,-48.902900,-114.565400,260.792300,-310.512500,128.178100,-99.060600,-178.870100,-16.468600,-74.201700,91.815300,-112.095300,-391.415400,-42.794300,-23.996000,31.780100,-2.865600,75.007800,106.880200
2205,-71.878300,89.259400,-114.614800,-400.895400,-48.604600,-18.851000,30.559900,-3.893500,81.753400,105.295700,-65.963600,82.520100,-107.063700,-386.439700,-43.890500,-18.485300,29.373100,-6.650300,78.417100,101.001100
2206,-66.885000,83.533600,-107.764600,-384.902800,-43.576200,-18.609200,27.638600,-4.877500,78.502600,98.232000,-67.295300,83.635300,-110.414800,-394.492800,-48.463500,-14.104100,31.693900,-9.266800,83.623500,97.565800
2207,-68.353600,84.181600,-110.338100,-387.179800,-47.495200,-16.135500,32.119400,-6.600000,83.586700,99.459400,-65.542600,83.509200,-104.598700,-387.173000,-45.414800,-17.946400,34.073300,-13.486000,84.958600,95.800800
2208,-68.068900,85.290900,-107.684100,-389.458500,-43.548000,-19.013300,36.759800,-14.954400,86.350400,95.163400,-66.720800,81.674800,-105.994300,-391.803400,-46.288700,-14.941700,31.960100,-11.896000,83.921700,93.418000
2209,-69.244700,87.474100,-108.425700,-389.243500,-46.971600,-17.476400,34.483100,-8.893400,84.438000,98.295400,-69.047000,85.313000,-110.069500,-397.711400,-42.132700,-19.369100,29.893400,-9.778400,77.445500,98.014000
2210,-68.516900,85.054300,-110.857200,-394.816200,-47.435200,-14.544700,28.550400,-5.170500,74.282700,101.704600,-68.924200,82.905700,-112.535600,-391.623600,-45.425600,-16.112300,29.254600,-4.913700,80.380700,99.944900
2211,-69.071700,85.273100,-107.815600,-394.544000,-46.491400,-18.506500,29.724300,-6.640500,80.823400,99.891000,-66.733300,81.525600,-108.616200,-392.220500,-42.839800,-18.426800,29.180500,-9.511500,80.873000,96.850300
2212,-68.009200,88.503400,-109.296100,-390.176100,-45.820100,-18.067100,33.581900,-8.757900,83.162200,99.485100,-68.292600,86.449800,-108.391100,-389.744600,-47.427900,-15.862500,31.517900,-7.911900,81.326300,96.788900
2213,-70.808600,86.536900,-108.735300,-388.173500,-49.406400,-15.525400,34.192800,-7.541700,79.630100,100.256800,-64.968000,82.388500,-112.285500,-392.858600,-48.897800,-12.162000,29.983500,-6.465600,84.880100,98.422200
2214,-67.830900,84.693900,-111.739800,-393.941700,-49.518200,-13.986400,33.026600,-9.780100,85.088000,97.265200,-63.485700,80.531800,-107.968700,-391.721400,-48.014200,-16.232800,27.992400,-5.461200,83.447500,103.143800
2215,-65.080900,82.813400,-113.596000,-395.624300,-46.632800,-14.958500,32.779100,-10.752700,87.792100,98.278100,-63.522600,79.380900,-109.289300,-392.101800,-47.675200,-15.728800,30.961800,-8.202600,87.513400,102.862800
2216,-66.857300,81.615300,-108.814700,-389.719400,-46.518800,-16.104600,28.279900,-5.263500,80.781300,99.760900,-70.637200,86.867900,-112.244200,-388.595000,-45.217000,-18.739800,27.279300,0.984500,75.267000,104.747800
2217,-70.506800,88.691700,-111.872300,-389.385100,-42.102900,-20.459800,29.316700,-4.044300,74.696400,101.745700,-71.596700,89.203200,-111.162400,-390.044000,-42.691300,-20.880000,30.614200,-5.125500,77.670500,100.116900
2218,-67.175100,86.768700,-113.313200,-389.151100,-43.246700,-20.470200,29.742700,-2.812800,79.540000,106.965400,-68.912200,85.725400,-109.343900,-391.750300,-42.726900,-22.305000,28.370500,-4.358500,76.158900,105.781900
2219,-72.296600,90.909700,-105.955800,-382.927500,-41.021500,-25.620900,31.972100,-4.815800,75.024200,103.404800,-68.146600,87.204000,-109.933400,-392.972000,-45.831500,-19.257400,27.780900,-2.456600,79.215900,103.813600
2220,-67.238300,85.417400,-107.357300,-392.814200,-42.483000,-22.492400,30.020000,-8.583200,80.348700,101.318900,-66.604200,84.275700,-107.906000,-386.863100,-42.972400,-20.809100,28.766400,-4.585800,78.051700,104.432800
2221,-67.227600,85.166100,-105.225000,-385.193200,-43.320900,-20.022800,29.211900,-6.854500,74.046100,101.490600,-68.403300,84.013700,-112.196900,-392.721800,-45.712400,-16.764000,27.421700,-2.903100,79.984000,100.876500
2222,-68.670700,84.672400,-109.795400,-391.777200,-45.533600,-17.335300,28.680300,-5.017300,76.866400,101.522300,-66.589800,83.682200,-108.972700,-387.301300,-47.786300,-17.504400,29.606200,-4.006400,79.547500,105.431300
2223,-66.307700,83.187100,-112.403800,-390.445300,-46.739500,-15.322300,26.772700,-2.017300,78.558000,102.471000,-65.885200,81.957500,-109.750800,-388.476500,-41.031700,-19.648700,30.252900,-7.812300,81.121200,101.254200
2224,-68.092400,83.671100,-108.023800,-386.524200,-43.261600,-18.441200,26.970500,-4.051800,75.347300,99.019700,-66.611000,86.792400,-107.225700,-388.094600,-42.811500,-19.327800,29.034200,-7.275000,73.787700,100.762500
2225,-67.646000,85.878400,-104.808900,-388.043700,-40.939500,-23.329500,27.480800,-7.158100,73.196200,100.445600,-67.824700,85.802600,-110.006400,-385.766200,-41.118200,-20.730100,30.674100,-6.690400,76.471600,101.986900
2226,-66.412500,85.242300,-107.994700,-387.473000,-37.103600,-25.420900,35.676900,-15.305000,83.967700,99.041200,-69.057700,87.074300,-105.927700,-384.806700,-40.766900,-21.685000,34.758900,-12.207000,78.528100,97.751400
2227,-68.351500,86.742800,-104.510900,-388.881900,-45.467000,-19.128200,32.578100,-10.968300,79.685600,96.425900,-70.487500,85.783100,-106.319000,-388.946100,-44.857100,-18.587000,30.050300,-7.241600,76.613200,97.582400
2228,-67.731500,83.449500,-107.892700,-387.314200,-44.597500,-18.301300,30.291700,-7.689300,81.656800,96.858100,-66.866000,84.117600,-108.854700,-388.288000,-41.892700,-19.605600,29.250000,-7.551900,79.735100,97.887500
2229,-65.795700,82.981400,-106.983600,-392.445300,-42.256900,-19.631300,28.514800,-8.710700,76.602600,100.748600,-67.912300,84.784000,-108.392000,-390.563900,-42.663500,-19.484700,28.753500,-6.786500,75.548500,100.438700
2230,-68.959700,86.332300,-105.927400,-388.406200,-43.979400,-20.691000,31.880800,-9.088100,79.245800,99.624000,-70.542400,88.088700,-108.734700,-390.772200,-42.218700,-22.564400,33.423300,-9.166300,83.332800,99.099800
2231,-70.288700,88.698100,-105.672500,-389.113400,-47.037900,-17.580200,33.506700,-10.445200,77.529900,97.005400,-62.565500,79.880700,-107.001000,-385.808500,-44.464500,-15.478300,30.990000,-11.901300,81.708900,97.003600
2232,-66.136900,85.440600,-113.326500,-394.300200,-47.736300,-14.238600,30.685600,-7.195800,82.707900,99.495400,-68.630100,89.029600,-110.126000,-394.759800,-45.815600,-18.733700,32.914000,-9.263600,83.362100,98.470300
2233,-72.393200,91.067100,-112.332700,-389.021900,-43.427000,-23.132000,32.505400,-3.168800,79.662500,105.666100,-68.183900,87.704700,-112.735400,-397.145400,-45.239100,-20.465200,33.805100,-8.620700,86.484600,103.415400
2234,-65.148100,85.031800,-112.503100,-395.878200,-46.273400,-17.089600,30.114500,-6.719200,82.256200,103.306900,-69.177500,88.047600,-112.940500,-393.026400,-46.396000,-16.722200,30.583300,-4.935700,80.709500,99.746600
2235,-70.506900,86.594100,-115.571700,-396.207300,-47.425700,-14.958800,27.252300,-1.440800,78.506300,99.825200,-70.541000,88.018300,-116.847700,-394.621100,-48.487600,-16.881000,29.682400,-1.462100,83.828000,103.191500
2236,-69.506600,88.732900,-113.393600,-393.191200,-41.663400,-20.755300,26.438000,-1.283600,74.843400,102.770300,-68.172100,84.520800,-112.826900,-397.351300,-46.912900,-14.882100,28.881200,-5.427600,82.628000,97.864700
2237,-68.837200,84.101700,-116.737500,-396.298500,-49.109400,-14.465700,26.961700,0.819300,81.673800,104.939800,-67.194600,82.957800,-114.380300,-399.203700,-46.264400,-16.082800,25.483700,-1.999300,78.583100,103.239100
2238,-66.465100,83.377800,-113.441200,-398.282000,-49.274400,-12.449400,32.382600,-10.203100,85.286900,97.717200,-66.719900,83.259500,-113.325300,-396.570300,-45.003200,-16.716800,32.637200,-10.192000,86.426700,99.264400
2239,-241.073500,337.025600,-48.837200,-118.154000,262.489900,-315.350100,125.497200,-94.872400,-182.020400,-9.343800,-241.328800,336.764800,-50.483400,-114.943100,257.422300,-308.167700,127.876400,-95.733700,-179.336200,-15.207900
2240,-243.911200,344.382300,-50.171900,-118.529900,257.152100,-311.095000,127.352900,-94.176100,-184.705600,-12.680200,-239.060400,332.756100,-47.474000,-112.862600,259.589300,-308.758500,127.715700,-98.950800,-181.408700,-14.926900
2241,-240.751900,334.262100,-50.574400,-112.789700,260.635900,-310.635100,126.856100,-94.655700,-179.541300,-12.663400,-239.423200,333.659000,-47.452700,-108.121900,258.567300,-306.199200,129.721400,-99.027700,-179.838300,-17.335000
2242,-236.009700,332.536100,-44.603900,-107.384400,257.381700,-307.409500,125.607200,-95.714500,-183.052500,-12.419100,-238.950900,335.060300,-46.639200,-109.569500,264.159400,-312.812300,129.563600,-101.282200,-179.314800,-17.375300
2243,-238.709200,335.764800,-43.598200,-109.467400,261.546300,-310.957900,128.897400,-101.098800,-182.667700,-17.715100,-239.276800,332.341800,-45.561600,-113.977100,256.656900,-306.075400,130.507700,-102.457000,-175.060400,-20.544100
2244,-238.696700,334.880400,-44.259500,-107.957400,259.434700,-310.413400,129.716500,-100.391700,-179.494500,-16.477700,-242.259600,337.190400,-46.252000,-109.737600,259.360900,-310.444100,128.773200,-97.332300,-180.483700,-17.522100
2245,-242.220900,339.715700,-42.342400,-106.673700,260.979700,-311.472500,126.848100,-96.264200,-188.853600,-17.188500,-238.371100,338.618700,-48.198200,-105.782400,258.723200,-308.580000,129.496600,-96.615900,-179.802200,-15.137800
2246,-239.858000,335.873600,-48.278900,-107.092300,253.890000,-306.804300,129.521900,-94.234500,-176.751800,-11.577400,-237.643300,332.062300,-45.660800,-104.435100,260.230500,-309.196500,125.540800,-95.698600,-184.993800,-13.516400
2247,-242.094000,338.539600,-48.467600,-109.219200,256.088300,-306.917300,129.210700,-94.908200,-181.206800,-15.127500,-237.692300,333.276100,-48.698900,-110.325200,256.982000,-307.202500,128.056500,-96.488800,-174.926400,-15.221300
2248,-237.724700,337.385100,-45.047400,-115.302800,259.661800,-312.087900,127.645800,-99.315000,-180.331900,-13.665700,-238.126400,336.354200,-51.065800,-114.511300,262.400900,-310.342700,125.176800,-95.430500,-182.208800,-14.227200
2249,-237.787800,333.656700,-51.391200,-117.033300,256.549800,-306.584400,127.102500,-95.527100,-177.209500,-10.824100,-239.141300,336.848000,-52.541800,-122.863300,261.121600,-311.040400,126.707500,-97.877000,-178.648700,-13.840700
2250,-239.993600,339.493700,-48.523700,-109.640900,256.288700,-308.114100,126.977000,-93.545300,-183.101500,-12.732800,-238.864400,334.336100,-50.315200,-115.732700,255.704500,-305.672400,126.225600,-94.081600,-176.433000,-14.511800
2251,-239.976700,334.545900,-50.634100,-112.987900,255.855600,-308.622600,126.375200,-91.429400,-177.029100,-8.912500,-239.022900,332.765600,-52.431800,-117.837400,253.307500,-302.766400,123.159400,-90.617800,-182.358400,-11.345500
2252,-235.518300,335.538400,-48.372800,-116.163600,259.396000,-308.887900,123.465000,-95.826100,-182.215300,-14.541400,-240.407000,337.524200,-52.755600,-112.484600,254.947300,-308.087100,127.941100,-92.061400,-175.935800,-9.766400
2253,-239.600100,334.543800,-49.435900,-105.506600,258.353200,-307.147800,123.730100,-89.759600,-186.317700,-11.798800,-239.406700,339.639400,-48.613400,-106.882300,256.670200,-308.085900,126.508400,-92.411700,-183.727800,-12.439200
2254,-239.839200,337.080800,-48.539400,-116.262300,258.611500,-310.164200,126.155100,-95.656400,-181.655900,-12.791200,-239.667400,339.693800,-46.115700,-101.627900,259.921300,-311.963400,126.842300,-92.228900,-183.617800,-12.014300
2255,-240.616100,337.921500,-47.978700,-110.808800,260.367700,-311.672900,125.564900,-93.633500,-183.798300,-13.113800,-239.320800,337.808000,-48.287200,-110.560800,258.413300,-309.297600,125.032200,-92.912500,-187.350800,-10.014500
2256,-239.325400,333.716900,-47.425600,-112.518300,262.591800,-312.360500,126.590600,-97.721600,-180.705200,-14.183300,-239.260900,336.167800,-49.099600,-114.991700,257.038700,-308.962400,124.802400,-92.975400,-181.872200,-10.641700
2257,-240.163500,335.169500,-49.388100,-115.883400,259.526000,-309.474900,126.222700,-96.642200,-183.163700,-13.620600,-240.119700,336.736800,-49.988500,-110.424500,259.179700,-309.025700,125.523400,-92.308400,-182.629500,-12.340600
2258,-242.034100,337.611500,-45.527900,-111.338500,263.044100,-314.115100,127.953100,-98.383200,-183.045600,-16.340300,-238.101100,338.859800,-47.755600,-111.280900,258.023100,-310.513000,130.149100,-97.649700,-179.263300,-10.573400
2259,-243.755700,342.159700,-49.019600,-109.406200,257.101300,-310.640900,126.935000,-90.319900,-187.280200,-8.866500,-244.229200,339.898800,-50.081100,-114.034200,258.985200,-312.008800,129.718900,-96.341800,-177.867100,-15.797500
2260,-241.470900,341.212900,-48.293700,-112.611700,260.156500,-311.998300,126.509400,-94.276500,-183.157000,-14.757800,-244.622800,342.168100,-44.639000,-109.602600,260.481800,-314.515200,132.428500,-100.115100,-184.263500,-14.058900
2261,-241.918700,335.841200,-52.551300,-119.887000,259.697600,-308.154000,123.874900,-93.343900,-181.163600,-16.813300,-243.725500,339.324600,-51.165200,-113.960300,255.793100,-307.317200,129.121800,-94.410700,-181.660900,-13.796100
2262,-242.527600,339.574700,-52.108300,-113.967000,256.486500,-307.501800,125.838700,-91.327100,-182.866200,-13.413900,-242.027500,338.455500,-53.210200,-116.433100,258.860800,-309.712700,125.194900,-91.323300,-183.066000,-10.403000
2263,-242.751600,339.127600,-49.520300,-113.769400,264.735000,-313.967200,125.917600,-95.909100,-186.190200,-15.589500,-243.315300,336.707800,-52.999600,-111.880400,260.855200,-311.004400,122.195800,-87.407600,-188.614700,-8.628500
2264,-242.532400,336.788900,-50.268800,-115.137600,259.626600,-310.853000,122.486400,-89.882600,-186.069800,-11.039700,-240.835700,333.926300,-52.307300,-113.671700,260.265200,-308.443500,122.171700,-90.506400,-188.632100,-10.718400
2265,-239.261000,337.342300,-52.818200,-115.181400,267.514900,-315.912000,120.846600,-90.373000,-187.567500,-9.072800,-242.075800,338.008100,-48.786300,-114.023100,259.726800,-310.569900,120.452500,-87.617000,-191.496200,-9.484700
2266,-242.794600,339.619400,-48.635800,-111.091100,261.653200,-312.567200,123.372600,-90.309000,-192.324600,-8.595300,-241.234900,337.786300,-52.011600,-116.022400,260.089900,-309.346100,123.825800,-92.307300,-187.464200,-11.751800
2267,-242.224900,338.471700,-48.165800,-112.286400,261.985900,-312.433400,125.927900,-93.852900,-187.268300,-11.613800,-241.812200,338.026200,-48.402700,-115.498400,262.982400,-313.176500,127.016200,-97.631800,-183.445600,-15.150400
2268,-238.271400,334.623400,-45.491300,-108.944900,265.558700,-314.079700,125.842700,-97.710400,-183.848300,-14.816900,-240.267900,338.928500,-44.183500,-112.635100,265.485200,-317.373600,128.620500,-100.722700,-183.108800,-14.305700
2269,-239.116600,335.775400,-48.715600,-120.837500,261.053900,-312.012300,126.353600,-97.739000,-180.071100,-12.717700,-239.605700,337.730800,-46.687700,-115.258600,265.435900,-317.010700,126.737700,-98.895600,-183.572800,-12.337700
2270,-238.608000,336.690300,-46.933800,-114.003200,264.109600,-317.587200,129.703100,-100.785800,-178.118300,-9.575800,-243.160900,337.415600,-48.667300,-116.450800,263.500000,-315.274200,127.955400,-97.085100,-178.882600,-14.312500
2271,-242.586000,342.378000,-45.396500,-113.584200,264.331900,-315.253500,126.476400,-97.423200,-187.997500,-16.357500,-241.954700,341.101100,-47.817100,-117.361300,261.524300,-312.265700,124.297900,-94.283600,-186.898800,-15.398000
2272,-237.184500,336.210700,-48.331800,-113.643900,263.140000,-314.059300,125.454200,-96.636300,-180.720700,-12.174100,-242.361000,336.206100,-53.707600,-118.047700,264.323900,-313.394600,124.185100,-92.920900,-183.176100,-12.031600
2273,-242.511100,339.920700,-47.533100,-113.463500,263.521900,-313.728100,125.105400,-93.893200,-188.542400,-13.174400,-242.095700,338.761100,-49.640600,-115.300300,262.371200,-315.727200,123.403500,-91.286900,-183.843100,-9.872600
2274,-240.282300,334.625900,-47.150500,-110.765400,260.676800,-312.013900,124.497800,-93.075600,-185.192900,-10.230500,-239.906200,339.482400,-51.224300,-114.577300,261.057600,-311.450700,125.674900,-94.197200,-185.376000,-11.190800
2275,-238.619300,335.981800,-46.005000,-112.894800,265.089400,-315.031500,123.518500,-96.934600,-188.017000,-13.961800,-241.153300,341.298200,-45.056800,-115.950600,264.402700,-316.887400,123.751600,-94.796100,-191.486500,-10.297800
2276,-243.987400,346.061100,-48.026500,-109.363800,261.317000,-315.395300,126.778800,-92.346000,-188.083200,-11.907200,-244.640600,341.891000,-49.675900,-114.996400,262.102600,-313.592000,127.168600,-94.467600,-186.766100,-12.748400
2277,-238.667800,337.827800,-46.956300,-112.037500,266.539100,-316.020600,122.761200,-94.373600,-189.274000,-11.341900,-240.652000,337.570400,-48.694300,-115.519400,267.750100,-317.182000,122.236600,-94.475600,-189.490800,-12.249200
2278,-238.614100,334.985800,-41.651800,-105.619500,262.605000,-315.307300,124.423500,-94.872400,-187.831000,-9.350900,-241.937700,338.030400,-45.193900,-110.888000,260.153800,-311.258600,122.759900,-91.916100,-190.601900,-13.390100
2279,-242.487100,338.644200,-45.849800,-109.094500,261.910600,-312.738300,123.272400,-92.383300,-192.032300,-13.108600,-239.993900,337.565300,-48.321900,-108.949100,262.602500,-312.599300,125.749900,-93.298700,-183.766700,-12.096800
2280,-238.697700,335.991000,-43.524600,-110.146000,261.137200,-311.616300,124.335600,-96.250200,-186.830100,-14.929000,-240.708900,338.616600,-48.157200,-105.759300,263.948300,-313.853900,124.986400,-92.498500,-186.434400,-13.286200
