1,-26.167936,110.917047,140.805236,116.140929,-230.923278,12.522608,58.502273,114.901080,100.339866,-107.331375,8.314959,-18.449004,7.437572,68.638406,62.569459,-65.877697,-71.960446,0.659403,-8.340112,1.505202
2,15.407867,32.666965,59.676030,-67.252238,-15.203546,-118.495798,42.630018,-25.654952,-19.130276,-13.431715,-5.870858,-120.680942,-97.039344,340.419694,218.115469,39.358507,-301.141373,53.288114,13.240216,31.379036
3,-6.871639,-122.811240,-98.161556,340.680936,220.383418,40.421398,-299.868592,51.226546,11.992932,32.362680,-4.913163,-118.642360,-95.965446,340.169699,215.945162,38.341376,-302.359356,55.260926,14.433801,30.437741
4,-4.145567,-117.633798,-95.526162,338.335597,216.242411,37.135749,-299.714058,55.080807,13.912387,31.366053,-5.595628,-119.539067,-96.356011,341.800389,215.680880,39.413293,-304.711275,55.421069,14.897388,29.612384
5,-7.232476,-118.626997,-95.455769,341.788611,214.799468,40.728547,-303.567263,55.461027,15.403495,29.311135,-3.661772,-120.616633,-97.419605,341.814304,216.722225,37.859383,-306.062870,55.373861,14.299447,29.968296
6,-4.116650,-120.374831,-98.549993,340.681789,217.900821,39.092109,-306.845498,56.273404,14.613957,31.242133,-3.152464,-120.887368,-96.153956,343.082334,215.402599,36.479151,-305.186595,54.366680,13.947303,28.542033
7,-3.927831,-121.958717,-96.505418,343.770790,215.960632,37.200572,-304.423893,53.289801,13.457850,28.669639,-1.911878,-119.173211,-95.591618,341.980804,214.509747,35.324878,-306.406918,56.089687,14.730429,28.337864
8,-2.734210,-118.388260,-97.996337,339.386860,216.620847,37.719927,-307.649250,58.283937,15.504890,31.208797,-4.724316,-121.248049,-98.793358,341.250988,218.463447,39.695266,-306.492200,55.389653,14.222338,31.256786
9,-5.399577,-122.333394,-99.555871,342.306823,218.331342,40.591094,-309.589774,55.744577,14.647958,30.558523,-4.375432,-120.687288,-98.399393,340.705473,218.531702,39.232422,-304.891787,55.206275,14.002435,31.617555
10,-6.470225,-118.749312,-94.606649,342.905381,213.574715,39.490304,-302.807595,54.872792,15.148770,28.235965,-8.149469,-118.479852,-96.477266,340.445129,216.272856,42.218163,-304.481150,56.168678,15.709930,30.604574
11,-7.314184,-117.375266,-96.466639,340.160639,214.952516,41.509361,-307.034713,58.227245,16.745947,30.099647,-8.483583,-118.921686,-96.481517,340.558925,216.800992,42.501684,-303.459725,55.345252,15.295523,30.806544
12,-7.470917,-118.293341,-96.829900,340.003044,217.258778,41.462919,-303.167965,55.862589,15.011515,31.450883,-9.817339,-119.749263,-96.022671,341.291061,216.198054,43.869815,-303.843995,54.663880,15.669583,29.957902
13,-7.061503,-120.067478,-94.946884,343.390004,214.705296,39.954110,-302.027555,53.483685,14.387529,28.459828,-5.583308,-116.772063,-94.096295,342.178445,211.878844,38.794594,-303.977655,56.956452,16.290631,27.900170
14,-6.200211,-119.905006,-94.609186,343.093067,214.723269,39.426545,-301.216033,53.197028,14.493045,28.707320,-8.784088,-120.392422,-95.622281,343.983878,214.669350,41.009241,-303.650600,54.057000,14.176497,27.964844
15,-3.898023,-118.012798,-94.566474,339.553733,214.790798,36.181035,-299.142612,54.383612,13.662117,29.977829,-4.382042,-117.271746,-96.442938,337.171930,217.629115,38.047772,-300.259952,55.746826,14.151465,32.692202
16,-6.326623,-116.015138,-95.389974,337.492417,216.756572,39.929631,-299.368005,56.074582,15.051693,32.408669,-2.674967,-118.374875,-97.367296,336.890587,218.395089,36.395757,-301.042958,55.459102,13.361189,32.941105
17,-1.264796,-118.782340,-98.083371,336.760782,218.800482,34.665578,-302.834951,56.128964,13.084647,33.073113,-3.412848,-118.161666,-96.992606,336.958508,218.182964,37.301084,-300.105287,55.108593,13.505892,32.872031
18,-2.675948,-116.791460,-96.729435,335.400090,218.219835,36.733378,-299.505365,55.865768,13.779508,33.523640,-4.053630,-119.353150,-97.221450,338.313654,218.150902,37.794741,-300.626959,54.450180,13.267965,32.305415
19,-6.900059,-117.076482,-95.677124,337.559684,217.108069,40.438145,-298.606795,54.917641,14.483766,32.390603,-5.291641,-114.099541,-94.871702,337.371010,216.122163,39.011827,-300.741898,58.162720,16.076732,32.441276
20,-2.901436,-119.567155,-95.327508,339.949157,215.874733,35.227610,-299.453160,53.466766,12.873848,30.241116,-4.973985,-116.334642,-93.744826,339.126816,213.620532,37.210397,-298.807330,55.373481,14.513169,29.693571
21,-6.420382,-117.480092,-93.951856,339.308289,214.274180,38.679167,-297.346316,53.877159,13.952184,29.861480,-3.277250,-114.990942,-93.501963,338.913935,212.853752,35.487417,-300.521212,57.128781,15.171248,29.496600
22,-4.465391,-119.678991,-95.313837,340.150607,215.970332,36.559469,-298.920991,53.059824,13.015591,30.431651,-0.405764,-119.388694,-95.349323,339.627694,215.722181,33.102302,-300.302366,54.116143,12.647664,29.937072
23,-6.612966,-121.975095,-97.592197,339.501422,220.377256,39.642882,-297.341673,50.891367,11.550571,32.919454,-7.198574,-123.868033,-98.881162,342.171710,220.391205,41.405356,-303.062337,51.650175,12.552027,31.658979
24,-5.431000,-124.398433,-99.157509,341.964860,220.681293,39.773960,-303.708346,51.591745,12.151589,31.607498,-9.819460,-123.081579,-98.471405,342.478417,219.961075,43.824322,-302.104463,51.736813,13.145780,31.735313
25,-10.172558,-122.896993,-99.422561,340.869664,221.631381,44.416207,-302.413060,52.251764,12.965890,33.088546,-9.441140,-123.279349,-97.452308,344.202081,218.171461,43.190160,-301.773823,51.185080,13.338520,30.285420
26,-9.181004,-122.016659,-96.950973,343.567102,217.759557,42.829591,-301.734793,52.063098,13.738439,30.329587,-9.961414,-125.804729,-98.454979,345.472039,218.995268,43.911296,-301.851882,49.429043,12.538682,30.197086
27,-9.729521,-121.659028,-98.793225,340.604104,220.611282,43.956253,-302.939279,53.402539,13.758607,32.823842,-10.937803,-125.035297,-100.509597,341.328361,223.393370,45.210673,-301.504136,50.264064,11.596652,33.545761
28,-5.545865,-123.942710,-100.178264,340.355318,221.874403,40.426714,-304.350651,52.465972,12.179840,32.784626,-5.323044,-124.826744,-98.198153,343.477589,219.559949,39.160471,-303.104675,50.770102,12.125037,30.501174
29,-5.505191,-126.401740,-98.761765,344.053388,220.147951,39.167646,-304.460705,49.955754,11.618875,30.041384,-5.186433,-123.645496,-97.775445,343.045739,219.118947,39.155089,-302.087653,51.380863,12.504658,30.846016
30,-4.804692,-123.707031,-98.479854,341.455736,218.855433,38.803049,-302.479159,51.926754,12.108015,30.910536,-5.594340,-123.469129,-97.106817,344.413962,219.310548,39.428024,-301.655026,50.970298,12.858293,30.808490
31,-5.815311,-124.624243,-100.814949,341.998727,222.813624,41.479022,-307.104781,52.859965,12.650376,32.608351,-5.432575,-123.656156,-99.910567,339.664339,221.479503,39.984266,-303.192665,52.300316,11.982001,32.858742
32,-5.474450,-125.626918,-100.226421,340.745529,222.878221,40.186521,-302.424254,50.398893,10.893346,32.769868,-5.413033,-122.736467,-99.763168,339.159783,220.826768,39.889880,-303.551257,53.187647,12.490040,32.900217
33,-8.730523,-122.073514,-97.298190,339.893750,220.247941,41.806338,-296.257917,50.223841,11.711417,32.787769,-4.797918,-121.890736,-97.844203,339.165140,220.488098,37.788490,-298.270608,51.463533,11.412702,33.032328
34,-4.770404,-122.888978,-97.039266,340.801866,219.587810,37.369689,-297.741389,50.177608,11.111273,31.750475,-4.826190,-120.864957,-98.671345,337.483263,221.413221,38.218844,-298.814426,52.784931,11.722447,34.349541
35,-5.544326,-119.982956,-97.966837,337.652280,220.641911,38.751816,-298.824132,53.221027,12.268534,33.926574,-3.502569,-122.490604,-99.969849,337.171743,222.834851,37.236504,-298.796535,51.981147,10.715933,35.129127
36,-5.873689,-120.377410,-98.255414,338.131713,220.722226,39.229624,-299.780916,53.242280,12.259631,33.608517,-4.583683,-118.832467,-97.125154,336.253933,220.407658,37.358208,-296.033512,53.159038,12.294500,34.854242
37,-4.441526,-123.761069,-97.667746,340.175115,221.733785,37.053804,-296.408035,49.020924,9.887246,32.758972,-4.957345,-122.393263,-96.682024,341.158125,218.367993,37.549245,-298.499296,50.835092,11.807036,31.177224
38,-5.191472,-121.786063,-96.942591,340.358523,218.811846,37.837931,-298.708800,51.466485,12.113925,31.904475,-4.450070,-123.708863,-96.117463,342.890597,217.406310,36.923760,-298.045370,49.467073,11.142110,29.601513
39,-9.041241,-123.479256,-98.642863,339.640630,222.274009,42.339794,-296.830920,49.497830,11.054224,33.822733,-8.434257,-120.733156,-96.016060,340.135098,218.316109,41.297695,-295.711564,50.916084,12.338043,31.800943
40,-7.702315,-122.190752,-95.726273,341.490775,217.441583,40.647762,-295.808982,49.772710,12.009556,30.587513,-9.330253,-118.948857,-96.370798,338.475562,219.386648,42.093302,-295.592312,52.315733,12.740157,33.286348
41,-9.318228,-122.403290,-98.928675,338.263063,222.577204,42.883062,-297.912199,50.795070,11.513338,34.291266,-8.663046,-124.948363,-98.252621,341.521538,221.860031,41.598025,-295.354560,47.726598,10.427356,33.183004
42,95.146929,-65.201804,66.999127,75.360317,21.819273,-127.686612,175.537905,-136.252340,-46.329290,-4.456666,-64.331194,130.535735,52.352934,-209.864793,-52.226365,-109.304985,-90.277869,84.942435,8.068739,-22.406763
43,-65.625481,128.458208,51.304158,-209.477190,-50.177325,-107.911522,-89.353182,83.047758,7.064512,-21.569074,-63.052347,132.588480,53.389200,-210.247773,-54.250963,-110.681825,-91.191527,86.814511,9.060987,-23.234460
44,-63.620351,131.753445,52.692936,-208.983292,-54.176931,-109.481948,-94.264907,87.399093,9.656576,-23.821173,-62.550290,133.326563,54.004625,-211.365442,-54.316399,-111.742391,-88.474981,86.297802,8.534549,-22.715866
45,-62.070233,135.102338,53.527041,-213.254464,-53.948814,-111.747397,-89.368831,88.278500,9.369005,-21.446681,-62.871329,132.139014,54.324009,-210.102158,-54.562222,-111.739043,-87.877220,84.973210,7.976506,-23.564634
46,-61.384221,131.199801,53.363145,-210.121794,-53.355521,-113.072881,-88.765299,84.820155,7.365818,-22.990406,-64.250935,133.010331,55.215413,-210.083940,-55.681692,-110.501628,-87.053339,85.115201,8.543048,-24.097352
47,-64.720258,133.063363,54.807413,-210.683605,-54.507587,-109.928474,-86.010291,84.864342,8.215880,-23.108674,-63.667453,132.944400,55.722655,-209.338411,-57.141389,-111.214197,-88.350101,85.427078,8.949797,-25.326519
48,-66.964763,134.626411,55.934968,-210.935895,-55.873689,-108.261132,-84.895132,85.649468,9.009579,-23.513758,-64.136071,132.656542,54.513940,-210.617941,-54.152026,-110.362440,-86.300538,84.659995,8.009301,-23.003241
49,-60.749068,131.920645,53.347590,-212.126105,-53.390135,-114.002665,-85.975537,84.522977,6.699820,-22.069512,-61.607082,130.946874,53.368603,-209.418527,-53.343375,-112.746641,-89.744162,84.924428,7.599502,-23.313527
50,-60.920356,131.045008,54.762356,-208.541580,-55.656936,-114.736440,-89.859116,84.778284,7.329756,-25.443404,-61.799982,130.919308,52.977099,-209.664861,-52.693499,-112.187709,-89.711872,84.965480,7.675273,-22.715247
51,-62.559923,131.034892,53.015938,-210.304018,-51.824128,-111.956233,-90.481487,84.996997,7.223385,-22.918610,-61.207228,130.829152,52.946804,-209.166318,-53.371608,-112.368260,-89.111572,84.940896,8.027746,-22.556624
52,-59.960718,135.084768,53.819809,-212.826995,-54.770306,-114.177933,-90.583436,88.742656,9.233401,-22.297624,-63.543544,135.114610,53.322568,-213.553014,-53.375075,-110.049880,-88.520535,87.954328,9.463713,-20.852371
53,-64.339929,136.267550,54.475431,-213.327489,-55.152823,-109.291194,-88.180427,88.585021,10.488189,-21.604737,-62.772047,133.997698,52.205733,-213.771492,-51.652881,-110.784858,-88.850014,87.343344,8.471252,-20.123517
54,-59.581221,133.930598,53.885129,-212.185316,-54.932475,-114.506311,-90.710021,87.846118,9.045268,-22.788443,-60.624837,137.104566,53.705500,-213.949934,-54.486509,-113.603272,-90.361912,90.311597,9.562634,-21.438691
55,-65.415194,133.249891,53.240005,-209.718560,-54.604860,-107.648974,-93.305044,88.060862,10.423134,-23.465208,-62.118830,130.501554,52.235272,-208.368184,-53.818936,-111.015369,-95.067905,86.845474,9.015291,-24.118965
56,-62.489415,129.913161,53.169611,-207.183724,-55.528745,-111.144898,-94.560288,85.970562,8.904783,-25.715952,-61.721347,131.132652,51.233117,-209.638612,-51.985027,-110.876440,-95.612366,87.783888,9.133820,-22.406067
57,-60.404971,132.229116,51.761504,-209.908404,-53.590911,-111.533371,-96.807098,89.025373,10.043424,-23.171620,-62.471181,130.508085,50.932137,-209.484933,-51.070284,-110.502238,-94.931823,87.076713,8.615691,-21.969992
58,-63.130365,130.110697,50.766310,-208.172568,-51.331890,-109.262552,-97.172506,87.280687,9.340719,-22.675000,-62.100854,130.742940,51.041182,-210.321260,-51.008402,-111.222176,-93.502822,86.945158,8.180976,-21.570190
59,-62.561249,129.097131,52.920342,-205.351007,-55.156604,-110.170833,-96.579796,86.101413,9.300236,-26.333931,-62.452682,130.330449,53.297078,-208.120909,-55.719044,-111.642999,-93.527585,85.903649,8.702564,-25.399940
60,-62.922818,129.735159,52.952118,-207.994621,-54.843100,-110.824354,-92.820877,85.282070,8.351784,-24.981469,-61.390522,131.675363,54.076433,-208.406226,-57.698030,-113.492530,-95.124222,87.307956,9.495067,-26.345374
61,-66.539617,132.731030,54.659224,-207.148961,-56.246326,-107.370497,-93.258879,87.308396,10.400149,-25.607893,-64.872369,133.500376,52.554864,-210.959057,-53.812428,-107.783412,-93.327331,88.424121,10.434231,-22.430809
62,-63.439308,136.024778,53.305039,-211.321747,-55.810761,-109.602664,-94.716700,91.157414,11.307747,-23.138428,-65.345673,132.666628,52.307100,-210.839269,-53.152428,-107.182558,-92.868457,87.521383,10.145730,-22.197100
63,-64.062847,132.460724,51.131945,-212.628776,-52.583382,-107.393700,-93.062332,87.675784,10.134082,-21.093916,-66.032256,132.776831,52.936056,-209.881504,-53.456989,-107.069552,-92.764693,87.438745,10.151965,-22.787537
64,-65.534917,127.410686,50.624747,-207.957843,-50.363479,-107.529710,-92.333366,83.450554,7.433656,-22.364653,-65.710054,129.436439,51.938627,-210.896035,-50.003484,-108.268078,-86.570130,82.671605,6.719785,-20.826121
65,-63.958420,129.400696,50.927262,-212.123313,-48.644207,-109.645166,-87.396392,83.244375,6.313220,-19.762694,-67.317896,129.469248,52.866969,-209.769503,-51.251178,-107.004035,-85.811695,82.145854,7.092975,-21.802252
66,-65.749203,128.812352,53.631930,-209.076292,-52.070792,-109.105145,-85.155666,81.263627,6.488320,-22.820390,-68.840451,130.106823,52.124507,-210.442326,-50.455671,-104.964724,-86.448429,83.002134,7.679846,-20.814060
67,-68.331742,131.508610,52.677344,-210.585801,-51.344813,-105.457596,-86.908041,84.253671,8.303026,-21.076764,-69.835752,127.364196,51.042870,-210.161613,-48.716043,-104.000409,-85.549189,80.553474,6.460580,-20.300072
68,-67.819621,130.762434,52.927949,-209.807238,-51.723504,-105.682696,-87.368740,83.556985,8.668781,-21.479536,-69.065322,132.577457,52.318370,-211.701041,-50.802365,-105.135154,-86.248122,85.251627,7.779105,-20.499822
69,-65.666939,128.493317,53.472727,-208.713391,-52.282440,-108.977100,-86.451587,81.457412,6.642239,-23.311807,-65.986318,129.731924,54.090812,-210.122303,-51.460750,-109.474215,-81.420365,80.705071,6.044674,-21.403953
70,-65.447456,129.711386,53.875698,-208.954713,-53.100641,-108.973628,-86.703055,82.393420,7.333011,-23.423753,-66.080082,126.200482,52.714191,-208.259138,-50.742297,-108.983635,-85.978235,79.695515,5.341962,-23.101085
71,-62.999415,128.361975,51.466487,-210.784450,-49.004738,-110.968940,-86.960563,82.101976,5.713767,-20.706358,-64.917426,130.439416,50.388037,-213.462176,-48.283676,-108.321392,-87.832221,84.386774,6.912673,-18.819031
72,-64.363339,131.395151,50.988638,-213.593151,-49.369022,-108.731306,-88.054668,85.137271,7.498371,-19.251326,-66.025600,128.527946,49.186837,-213.200227,-46.112985,-107.501563,-87.387327,82.885780,5.741278,-17.954441
73,-62.754868,131.990518,51.071323,-215.021005,-48.600432,-110.243705,-86.038491,84.998418,7.026673,-18.120009,-64.953112,131.176850,50.958320,-213.069605,-49.650838,-108.176760,-88.793933,85.188183,7.671327,-19.666142
74,-64.119338,127.785881,51.077402,-210.780485,-47.303617,-110.058040,-85.696612,81.140160,5.070646,-19.771854,-62.179189,128.783903,51.751451,-210.787355,-50.250630,-111.636077,-87.886273,82.806404,6.184786,-21.390783
75,-67.755762,128.243024,51.100592,-207.685017,-50.833699,-105.540266,-92.435865,83.900783,8.116805,-22.606095,-63.591679,126.682391,50.208382,-208.196565,-49.952037,-109.270473,-92.243680,83.056605,6.835901,-22.153391
76,-63.746071,126.884561,48.989768,-209.575312,-48.409734,-108.278728,-92.831838,83.765521,6.876561,-20.760711,-63.451112,126.498325,51.317867,-206.941288,-51.356222,-110.173406,-91.708193,82.411173,6.798883,-23.421354
77,-63.651917,127.355049,51.580724,-207.864249,-51.424615,-110.243495,-90.685966,82.623974,6.721667,-23.099367,-63.079409,124.912474,50.831302,-205.232828,-51.229623,-110.043666,-93.600402,82.017266,6.941815,-24.017372
78,-63.348086,127.742145,51.718824,-208.010020,-51.694654,-110.549563,-91.027937,83.107230,6.904624,-23.206470,-65.000169,125.637313,50.967906,-207.217394,-50.226319,-108.885319,-89.168469,80.479525,5.909794,-22.624094
79,-64.693510,125.127379,48.350992,-208.329029,-47.467825,-107.549179,-91.735687,82.035592,5.994744,-20.513504,-63.042260,128.189897,49.464287,-210.501123,-49.109439,-108.820679,-93.646121,85.050611,7.531624,-20.944351
80,-67.676783,128.062120,52.175406,-206.103875,-52.302768,-106.070009,-91.374334,83.029679,8.095395,-23.815998,-67.842121,128.440836,49.925329,-209.413930,-49.227334,-104.961013,-93.596604,84.853298,8.140216,-21.283117
81,-69.917685,125.512519,48.678456,-208.807233,-46.768522,-103.544589,-93.100348,82.423644,6.840674,-20.498500,-67.141619,129.429143,50.346149,-209.618690,-50.057182,-105.439056,-93.764090,85.673306,8.578811,-21.547925
82,-66.884810,128.770079,49.405748,-208.512148,-50.393169,-105.272293,-96.317693,86.156941,8.953431,-21.941752,-67.270931,129.790679,50.883779,-210.237223,-49.876029,-105.534523,-92.302617,85.375662,8.363890,-21.334852
83,-67.289086,129.384922,52.658273,-206.390233,-53.346614,-106.444675,-91.559744,84.182531,8.704447,-24.030517,-68.144945,126.464774,51.592321,-205.758085,-51.042274,-105.617583,-91.150443,81.637555,7.359936,-23.556957
84,94.046776,-67.041070,66.086637,75.519323,23.852977,-126.505580,176.927577,-138.177890,-47.392586,-3.525353,96.345947,-63.197254,67.993616,75.187022,19.602812,-128.973777,174.023350,-134.153751,-45.170442,-5.471671
85,96.427107,-61.775612,68.885105,73.689274,19.248550,-129.625961,176.890707,-134.267665,-45.357026,-4.900995,96.269561,-64.535270,67.154568,76.596668,19.936234,-128.359956,171.324661,-134.046538,-44.994834,-6.008779
86,94.864921,-64.184640,68.237922,77.582758,18.436286,-127.172535,171.610976,-134.204479,-44.316334,-7.102758,97.634872,-64.876084,66.101548,75.638188,21.394184,-129.514130,171.046362,-133.893019,-45.654336,-4.945431
87,98.662001,-65.981074,66.407088,76.857121,21.181111,-130.835591,171.336019,-135.002846,-46.214574,-5.660079,96.409524,-63.557849,65.737043,74.184023,21.648377,-127.937651,170.700807,-132.569016,-44.985982,-4.092868
88,95.792465,-64.122174,65.558210,74.241206,22.581575,-127.276265,171.536500,-133.346617,-45.415570,-3.710804,97.693673,-62.383443,66.109208,74.065019,19.706316,-129.314049,168.961662,-130.950765,-44.091976,-4.887973
89,97.995128,-66.332354,66.171335,77.334901,21.799516,-129.717299,170.953053,-135.148092,-46.039865,-5.482602,99.924804,-65.315885,66.853515,75.952387,20.010089,-132.953209,172.061211,-134.727804,-46.545404,-5.996153
90,97.558027,-65.560437,66.595571,76.683647,21.944849,-129.779047,172.854112,-135.387569,-46.472294,-5.155078,98.530577,-67.277952,65.651645,78.132688,21.621482,-129.641658,168.624255,-134.854733,-45.510140,-5.883820
91,95.849492,-62.759173,68.573840,77.143723,17.537506,-127.615988,169.978895,-132.509040,-43.235774,-7.319103,94.128263,-65.251176,67.986588,77.911245,19.108755,-126.840742,172.832101,-135.473009,-45.124810,-6.940889
92,95.458873,-66.045385,68.357136,78.537412,18.824927,-128.410129,172.799211,-136.089942,-45.519736,-7.591021,92.656529,-64.372732,67.576739,77.218665,19.422685,-125.104905,172.868479,-134.790642,-44.687998,-6.221805
93,96.799765,-63.002770,68.863900,77.868516,16.945184,-128.735865,169.718425,-132.621090,-43.449268,-8.036857,93.976097,-62.278940,68.002009,75.714846,18.705226,-125.408231,170.492394,-132.288143,-42.814886,-5.904103
94,94.097802,-61.316689,69.542670,74.186345,18.513468,-127.333039,177.632048,-134.330950,-44.730104,-5.280379,98.336223,-62.151748,68.346159,73.281871,19.851028,-131.505258,176.283098,-134.215796,-45.870856,-4.590048
95,98.705576,-62.084515,69.535913,74.521176,18.157404,-132.515804,176.497181,-134.607398,-45.818232,-6.110925,97.958075,-62.220583,67.128077,72.013058,21.584977,-130.470651,176.063918,-133.814871,-45.924733,-3.032960
96,98.083804,-60.200506,67.738613,71.270306,20.973081,-130.541660,175.441464,-131.948030,-44.971634,-2.915715,97.883275,-63.422400,66.764847,72.454948,21.949016,-130.428405,176.434239,-134.925523,-46.491767,-3.102714
97,98.521170,-63.564784,66.666044,72.222326,21.326212,-131.732758,177.049130,-135.047605,-47.175523,-3.430458,97.096682,-63.291847,66.860792,72.761274,22.688682,-128.895403,175.687950,-134.812032,-45.733711,-2.752566
98,98.816784,-60.732583,69.379739,73.503833,17.561736,-132.283898,174.867013,-132.781442,-44.940428,-5.993842,98.596078,-63.415648,69.689685,75.522868,18.743908,-132.744142,178.102271,-136.405263,-46.682531,-6.226206
99,93.793259,-60.734062,68.675361,72.832587,19.570836,-126.665597,176.961497,-133.387361,-44.551173,-4.140928,94.500477,-62.087051,70.689446,75.976316,17.115393,-128.215547,178.518666,-135.578586,-44.966691,-6.786988
100,94.461127,-61.012368,70.406282,73.201545,16.554709,-128.989382,180.864977,-135.157782,-45.445882,-5.758255,94.513207,-62.434743,70.781057,76.874035,17.296791,-127.965188,177.759565,-135.714728,-44.811659,-7.119813
101,94.367465,-58.972750,69.964991,73.314503,17.053576,-126.345447,176.842791,-132.081409,-43.070635,-5.212644,93.563576,-61.438587,68.159508,72.639820,20.577740,-126.793656,177.008980,-133.909741,-45.143388,-3.712241
102,92.459242,-60.503692,68.462062,71.515495,20.646020,-125.787800,177.589895,-133.470965,-45.104703,-3.616660,94.545207,-62.269604,67.890571,73.639220,20.517047,-127.687751,176.492611,-134.299764,-45.177776,-3.797202
103,94.354433,-65.740848,66.609389,73.875260,23.796792,-127.245870,179.164847,-138.026593,-47.601055,-2.789582,93.677458,-68.601885,65.459115,77.492893,23.920423,-125.616921,174.241911,-138.359511,-47.142335,-4.408588
104,95.382610,-69.105435,64.424022,76.461730,25.151407,-127.019708,173.341465,-138.117565,-47.660883,-3.571659,92.110375,-68.139109,66.410395,78.440562,22.789113,-124.327720,175.069445,-138.581865,-46.665774,-5.177751
105,92.765374,-69.282244,66.992990,79.870516,21.949218,-125.674193,175.453520,-139.751988,-47.265166,-6.381025,91.460659,-67.005193,65.832498,77.022140,23.622235,-122.992105,174.688469,-137.421179,-46.071217,-3.984180
106,90.288781,-69.321861,63.939639,76.986803,25.297764,-121.791144,175.278989,-138.853753,-47.382300,-3.055603,91.940064,-66.057465,66.606850,77.036597,22.936792,-123.483407,174.446892,-136.835126,-45.534865,-4.364052
107,92.870342,-66.287392,66.318658,77.227213,23.077448,-124.415490,174.957740,-137.013490,-45.794194,-3.986092,90.596328,-65.725347,67.023128,76.761261,22.733622,-122.137064,173.709000,-136.577489,-45.160278,-4.909994
108,92.667498,-68.484896,67.424854,78.978619,21.837585,-125.963896,177.280810,-139.877231,-47.424647,-5.922065,92.954136,-70.819986,66.160110,81.590605,22.164510,-125.115481,171.929460,-139.510448,-46.957595,-7.266162
109,92.216692,-70.067085,66.330415,79.389646,23.879288,-124.920958,178.740608,-141.355150,-48.274127,-4.685581,92.880605,-67.736953,67.942225,78.784315,20.872416,-126.456922,176.590724,-139.178578,-47.023075,-6.506585
110,94.248592,-70.687131,63.817687,76.234179,27.423661,-125.841562,175.637857,-140.341343,-48.784938,-2.381349,95.799327,-68.524209,64.646831,76.545348,24.316422,-127.452641,172.497610,-137.300394,-47.247827,-4.009061
111,96.705552,-69.232946,65.064688,77.072149,23.790492,-128.873701,173.150572,-138.141572,-47.799094,-4.654293,94.493297,-67.502794,64.044626,75.786134,25.074381,-125.404643,171.556576,-136.088107,-46.453354,-3.079169
112,96.643353,-70.657650,64.436379,78.695294,23.157353,-128.559979,171.507026,-138.457947,-48.048421,-5.771468,96.738595,-68.476072,65.398477,76.209853,24.126847,-129.040366,174.023706,-137.973498,-47.666639,-4.060794
113,94.405759,-66.326179,67.819169,75.253447,22.443633,-128.111042,180.652209,-139.296880,-48.049098,-4.173255,94.313046,-65.268867,65.633883,72.763959,24.887910,-126.548238,177.965513,-137.002298,-47.239777,-1.673859
114,95.889801,-66.286147,65.071738,72.621775,25.599919,-128.019980,177.645544,-137.540188,-47.835918,-1.411113,92.264415,-63.947147,66.364261,72.948694,23.962819,-124.636048,178.381238,-136.303435,-46.465228,-2.015236
115,92.931393,-63.580983,66.438976,73.324102,23.386027,-125.086267,177.150837,-135.422833,-46.083919,-2.467451,91.139708,-64.564600,66.238273,72.315653,24.935449,-123.876855,180.456031,-137.788373,-47.108222,-1.252676
116,92.098255,-63.893091,65.250321,72.734445,23.430388,-123.476864,175.965967,-134.500333,-45.765167,-2.053000,93.450140,-63.386651,67.179081,73.691247,23.358406,-126.088349,177.888587,-135.997219,-46.282387,-2.725506
117,96.580167,-65.489759,65.420222,72.537470,24.622517,-128.732097,177.060915,-136.650107,-47.362010,-1.769501,94.532080,-67.852375,64.386385,72.787575,27.522142,-126.619485,178.795315,-139.290680,-48.767937,-0.706285
118,96.744857,-64.135212,65.657007,70.434043,24.370165,-128.993475,179.129995,-136.346460,-47.390732,-0.909490,96.495710,-66.184399,65.298794,73.616151,24.751928,-128.598056,175.999849,-136.805823,-47.347281,-2.210532
119,96.696706,-66.426428,65.964187,74.007346,24.260626,-128.833120,176.464961,-137.276793,-47.339619,-2.808504,96.054163,-65.787548,64.064359,72.851793,25.646074,-128.161870,174.986963,-135.869100,-47.345459,-1.142711
120,93.606649,-68.008309,67.049316,74.782211,24.253490,-126.904607,182.016290,-140.975744,-49.041976,-3.404060,94.773167,-65.552786,68.173125,75.470107,21.611514,-128.665725,180.025046,-138.524989,-47.592602,-4.526908
121,96.431247,-66.032972,67.730020,75.141939,22.405296,-130.162331,179.594268,-138.628111,-48.189694,-4.306914,92.479111,-64.888418,68.786188,75.924149,20.513268,-126.595078,180.621053,-138.382314,-46.766488,-4.831284
122,95.841461,-67.003268,67.555354,76.034541,22.382731,-129.601429,178.162112,-138.836000,-48.064037,-4.895344,97.259755,-64.669938,67.975383,73.888045,22.436995,-130.950264,181.606107,-138.336076,-48.366212,-3.480310
123,95.124708,-69.190467,66.486323,74.867940,25.165028,-128.887910,181.722735,-141.899898,-49.839395,-3.072232,92.361554,-66.947327,67.479763,74.648466,23.517015,-125.168912,182.338724,-140.118195,-48.368180,-3.616344
124,-92.265061,158.189677,96.393035,164.736375,-330.029132,89.894632,96.487411,181.878868,118.193394,-111.821227,39.929188,63.644416,185.217438,67.545484,-131.817425,-64.849417,20.517135,47.923291,82.486338,-102.841523
125,41.177955,65.711062,186.278194,67.489713,-134.239568,-66.151201,19.079056,50.052874,83.715988,-103.929419,38.878200,61.905085,184.324683,67.592421,-129.778900,-63.753809,21.727452,46.130990,81.451439,-101.925927
126,39.161291,63.120760,185.024870,66.116770,-129.932398,-64.478253,24.516819,45.935528,81.186524,-101.239196,38.601297,60.715981,183.639801,69.035817,-129.628757,-63.045199,18.999055,46.322180,81.710562,-102.597648
127,36.533110,61.684861,184.165122,69.267941,-130.439734,-61.242006,19.220243,46.776242,82.417357,-102.858853,40.573803,59.791925,183.138784,68.814432,-128.855298,-64.764971,18.788101,45.889125,81.036466,-102.348527
128,39.582258,57.738106,182.893400,70.178054,-127.843765,-64.150741,20.422365,43.642804,80.014269,-102.293057,41.088334,60.857691,183.266118,68.106822,-129.380201,-65.083706,17.940050,47.054783,81.566904,-102.377311
129,41.033019,61.498992,182.693040,66.964297,-127.979162,-64.483072,17.782962,47.599701,81.795701,-101.084133,41.156312,60.069586,183.970382,69.510889,-131.101960,-65.821836,18.133099,46.385124,81.285731,-103.966518
130,41.155942,60.678952,184.370740,68.841235,-131.441577,-65.842755,19.449620,46.333748,81.222897,-103.879317,41.157278,58.479935,182.925970,71.257813,-130.216004,-65.767265,14.698696,46.519148,81.449648,-104.194000
131,42.154668,60.726138,182.167211,67.081303,-128.143970,-65.721154,15.936665,48.186076,81.454670,-101.698949,40.394542,61.938925,182.992358,66.897694,-127.885348,-63.778317,18.833931,47.265918,81.989826,-100.734162
132,39.979637,57.950046,184.228780,70.852278,-129.220998,-65.155422,20.858863,43.347570,80.169131,-103.507606,39.071343,57.465612,181.176483,69.311195,-126.073036,-62.859007,19.861152,44.022390,79.815160,-100.731495
133,36.682555,62.911805,183.454098,67.865933,-129.990089,-61.266527,18.245108,48.486131,82.831940,-101.830479,36.410098,60.674927,184.750386,70.421975,-130.809850,-61.221822,20.022905,45.368783,82.076103,-103.705337
134,36.790370,61.443551,185.417650,70.685757,-132.062843,-61.879804,19.724670,46.046326,82.456627,-104.435522,35.519916,58.875648,183.188384,69.804484,-127.876709,-59.681548,20.721045,43.782716,81.185330,-101.996039
135,37.850579,61.434814,185.660111,71.088471,-132.083227,-62.821979,19.089940,46.151497,82.440492,-104.815422,35.120540,61.457313,185.035773,70.051483,-132.030738,-60.395877,20.724370,45.880683,82.482040,-103.837180
136,35.664991,62.148221,181.534147,67.737924,-127.724268,-59.498785,17.603938,48.636485,82.499076,-100.200397,37.080224,63.210217,184.204424,67.915960,-130.875583,-61.957369,18.495680,48.427371,82.962024,-102.467523
137,35.925757,63.948561,184.318907,68.397654,-131.167982,-60.305239,20.174857,48.719368,83.488082,-101.861571,37.628107,62.859817,184.150093,67.687359,-130.736817,-62.741431,17.698783,48.288797,82.712369,-102.755093
138,39.656477,63.945386,185.622451,66.074162,-131.071313,-65.306173,24.126265,46.642178,81.523126,-101.866792,38.170918,61.471507,183.829709,66.201985,-127.654569,-62.822414,25.297928,44.522228,80.513321,-99.984006
139,39.467248,60.563115,183.362855,65.988625,-126.877433,-64.418755,25.452235,43.819337,79.581350,-99.792197,36.152349,62.886004,184.556669,66.534219,-128.864680,-60.336683,25.057650,45.616731,81.964531,-100.282680
140,40.138185,61.258108,182.442025,65.021975,-126.186871,-64.356636,24.205042,45.206351,80.119702,-98.686024,38.675542,59.743022,184.449434,67.129272,-127.692296,-64.492056,26.923922,42.182660,78.946096,-101.097482
141,40.985947,63.767948,184.634475,65.167965,-130.097800,-66.199049,23.074983,47.160282,81.403911,-100.981235,37.954415,64.172553,186.887311,67.234325,-132.317657,-64.163065,25.472174,45.978874,81.675751,-103.000529
142,36.938911,65.343695,186.801849,66.254356,-132.193365,-63.032506,25.522506,46.880911,82.341695,-102.220872,39.249551,62.678922,186.996307,68.484142,-132.476174,-65.604938,25.407983,44.828449,80.826430,-103.994875
143,37.535838,65.752300,186.832257,64.923346,-131.729978,-64.643205,27.413005,46.761770,81.587992,-101.325073,36.505847,65.047257,186.779788,67.219990,-132.529547,-61.863959,24.150967,46.967347,82.888500,-102.870765
144,39.463447,64.744050,184.315830,63.902968,-129.946425,-64.506420,22.619501,48.095296,81.975410,-100.403900,42.270994,62.944082,184.903422,66.235669,-130.225567,-67.627690,23.459427,46.371095,80.921546,-101.468528
145,43.111542,63.932279,184.797004,65.104463,-129.387765,-68.024081,23.874579,46.787102,81.372021,-100.156090,41.504177,62.042568,185.000505,67.267646,-130.989877,-67.266070,23.080691,45.991581,80.510586,-102.665839
146,39.972282,65.097597,184.994791,62.056230,-129.617179,-65.192048,24.312058,47.457542,81.537888,-100.131370,39.178844,64.546303,183.936073,64.935890,-130.130580,-64.122932,21.672817,48.452005,82.220125,-100.556332
147,41.545215,66.976186,186.852387,66.064637,-134.471654,-66.957444,21.360521,50.184053,83.415794,-103.409472,40.720460,64.135097,185.562921,69.264932,-133.950457,-65.146864,16.237034,49.889464,84.089940,-104.577117
148,42.828069,63.059435,185.309749,69.570836,-133.697768,-67.418427,16.228916,49.253110,83.183559,-104.829679,38.964119,65.031482,185.773897,69.010012,-134.161032,-63.253895,16.243799,50.419759,84.845257,-104.366648
149,39.501525,65.426539,185.060144,67.834465,-132.982525,-63.488635,15.603314,51.140483,84.904699,-103.250802,38.064127,64.369880,186.969218,70.978699,-136.134677,-62.860776,17.316419,49.212763,84.745708,-106.235354
150,37.328269,63.815722,186.588303,70.806058,-135.155266,-62.580607,18.347788,48.433614,83.967498,-105.747912,39.873108,65.732183,187.905633,71.403108,-138.542396,-63.549525,14.780971,51.128171,86.658808,-107.433650
151,39.583881,64.344712,184.926658,68.279908,-132.255618,-63.570542,16.997346,49.812405,84.127322,-103.065745,39.407766,66.658157,185.212112,67.327345,-133.810082,-63.395386,14.016262,52.652448,85.789714,-103.461483
152,42.379912,62.338160,186.013719,70.523535,-134.216961,-67.448547,17.558064,47.870783,82.831664,-105.525533,43.390998,63.965426,184.425494,68.374154,-133.045610,-67.380594,14.559376,50.989449,83.625573,-103.955618
153,44.655489,65.021247,185.023931,68.955564,-134.982156,-68.068431,13.527614,52.085931,84.317975,-105.163050,42.401396,63.139130,183.957152,67.919137,-131.530052,-66.842287,15.366841,50.131333,83.083693,-103.010672
154,42.500351,62.783062,185.992196,69.706488,-134.080949,-67.744096,18.231958,47.899405,82.615636,-105.183487,42.040896,61.085844,186.074304,72.823370,-134.599811,-66.616630,15.661178,47.790215,83.439744,-106.488330
155,42.356812,62.309846,185.539071,69.534486,-133.095710,-67.427286,18.506958,47.601536,82.375553,-104.527673,42.618350,64.129314,187.142450,69.928232,-136.400145,-68.264759,17.646564,48.731491,83.235782,-106.722118
156,39.684232,67.486271,187.222576,66.165257,-134.856893,-65.101623,21.958077,50.244253,83.912732,-103.456155,43.665322,66.395077,186.430653,65.950006,-134.032774,-69.071670,20.679760,50.115471,82.849663,-103.356288
157,43.495290,65.279631,185.938844,65.986323,-132.879765,-68.806098,21.452487,48.866765,82.100876,-102.946397,43.963865,68.353592,187.294177,65.886242,-136.057243,-69.537964,19.322995,52.307967,84.164393,-104.075981
158,44.467747,69.692353,186.443950,63.598488,-135.809124,-69.396165,18.864894,53.996126,84.553894,-102.904647,43.634404,67.478248,187.850094,67.382081,-136.219475,-69.630679,19.622523,51.204171,83.909719,-104.841854
159,43.310337,65.886509,185.170492,64.318871,-131.748514,-68.494176,20.382233,49.792467,82.295776,-101.844277,43.698225,64.613751,186.781897,67.815887,-134.120999,-69.148346,22.626793,47.851064,81.887028,-104.155667
160,43.375422,65.107591,184.727761,64.661943,-131.578607,-68.216513,18.795883,49.948941,82.327404,-102.231561,43.556783,66.986037,185.737209,64.124869,-131.856457,-68.826783,22.467434,49.665531,82.302440,-101.311894
161,40.024836,69.597433,187.878742,65.941786,-136.469237,-65.447040,20.653218,52.290080,85.067063,-103.969335,39.511075,66.412999,186.888994,66.278865,-134.037210,-64.926020,22.621442,49.204196,83.325893,-103.195264
162,39.600089,65.965465,188.029524,67.704359,-135.161341,-65.614756,23.340132,48.198280,83.115935,-104.541987,39.405779,66.942400,185.539832,64.592610,-132.707445,-64.111296,21.771284,50.394120,83.574259,-101.602190
163,39.443950,68.152100,185.418675,63.396889,-131.040500,-63.654929,21.769279,51.339450,84.118375,-100.011007,39.385987,66.315148,185.602654,65.212613,-133.571787,-64.347931,21.772324,49.903948,83.292124,-102.427248
164,40.480408,65.917087,188.012563,67.508838,-134.616613,-66.692652,23.209775,48.135250,82.654052,-104.507963,38.172543,66.043916,188.057027,68.021419,-136.044684,-63.866816,23.551522,48.300492,83.864935,-104.597159
165,39.922094,69.429151,189.012402,66.841929,-137.761451,-66.324837,21.609996,51.491835,84.936588,-105.043004,40.144702,69.793762,186.556138,64.891619,-134.961655,-64.422943,19.536976,53.221367,85.219283,-102.716721
166,-91.140988,160.030021,97.255945,164.594002,-332.160458,88.785485,94.849345,183.890764,119.284342,-112.871829,-93.389133,156.349333,95.530125,164.878748,-327.897806,91.003780,98.125477,179.866973,117.102446,-110.770625
167,-93.510630,154.991609,94.735131,166.337321,-327.445159,91.592690,95.578655,179.902308,117.200085,-111.281166,-93.256982,157.826106,96.394826,163.292282,-328.390142,90.363232,100.895610,179.828538,116.996247,-110.215318
168,-94.857470,159.005634,96.315569,162.744018,-328.266353,92.148380,100.576298,180.819763,117.780495,-109.643429,-91.622729,156.621694,96.475754,163.852113,-328.516543,88.540423,101.221660,178.816402,116.195453,-110.799272
169,-92.248006,156.643918,97.405574,165.081699,-329.732303,88.723518,101.637127,178.529320,116.439665,-111.826692,-90.688105,156.588475,95.085918,162.014205,-326.699302,88.266744,100.600645,179.245513,115.830420,-109.263549
170,-90.294621,157.444552,95.315859,162.133966,-327.664778,87.541966,99.516741,180.448183,116.528922,-109.455572,-91.304919,155.246516,94.725470,161.826473,-325.185854,89.402884,102.299738,177.360246,114.735470,-108.962541
171,-91.755174,157.247694,97.659431,165.185287,-330.352890,88.055755,100.913579,179.277058,116.706777,-112.201356,-93.421414,155.206355,96.801152,164.835060,-328.254714,90.313429,103.359862,176.748993,115.803686,-110.934636
172,-90.868194,158.568087,99.343513,163.207144,-331.826688,87.460594,104.432250,179.064713,117.268006,-111.942975,-91.924123,156.996190,97.338654,165.562076,-330.072167,88.169119,100.243356,179.317505,116.599876,-112.250571
173,-90.106982,156.359658,97.396173,166.332170,-329.782015,86.662273,100.291076,178.867018,116.274600,-112.367803,-93.099920,157.408065,97.301435,165.063780,-330.259912,89.144137,100.212478,179.608996,116.810349,-112.174716
174,-94.161555,158.728439,95.146793,161.726808,-326.534306,91.816611,100.275247,181.083280,117.354398,-108.294911,-95.564983,159.287449,97.503826,163.778182,-330.027268,92.485678,100.882366,180.551854,118.213694,-111.014421
175,-95.707493,158.560464,97.098263,165.062981,-329.761179,93.218469,99.883299,180.414201,118.417764,-111.169211,-95.365470,160.305228,98.071614,161.979462,-330.399794,91.459772,102.281060,180.744568,117.927996,-110.797714
176,-98.471142,158.924675,100.258625,166.414725,-330.931083,97.109350,102.796033,178.203308,118.762250,-113.727583,-95.247687,158.526523,97.039396,164.943849,-329.517232,92.690794,99.562109,180.451017,118.267874,-111.163410
177,-93.270385,159.303694,95.291577,160.559904,-327.193419,91.020309,101.978230,180.965474,117.272257,-107.894477,-94.720021,158.367947,95.056061,162.458068,-326.121261,92.315627,99.208044,181.157104,117.405872,-108.545851
178,-91.631099,154.017736,94.431204,166.446962,-327.193449,89.612309,95.847643,179.201167,116.382125,-111.329435,-95.382959,155.961751,95.037893,166.228101,-327.695903,93.565483,95.310697,180.600764,118.014911,-111.233082
179,-94.974788,155.669770,95.609972,167.801189,-329.063117,93.273710,94.829317,180.493453,118.261932,-112.504907,-95.840908,156.289340,94.396049,164.463172,-326.161957,93.892838,95.850782,180.721162,117.737765,-109.806156
180,-94.676282,157.227351,94.321980,163.855158,-326.605857,93.183177,94.700599,182.052008,118.261597,-109.757480,-97.599731,154.872751,94.507908,165.381398,-325.491578,94.964571,97.587794,178.711312,116.946671,-109.879667
181,-93.767072,156.906691,93.186413,164.071130,-325.150230,92.823934,93.750519,182.625306,117.960728,-108.839104,-95.837282,157.934291,95.059935,164.178982,-327.961085,94.228582,95.597332,182.402794,119.244129,-109.879444
182,-95.848052,154.379352,95.891865,168.725815,-329.503424,93.815952,94.782588,179.257573,118.099732,-113.375788,-94.174296,156.852653,95.351571,166.953615,-328.659501,92.776656,94.872151,181.626343,118.410615,-111.706600
183,-90.658017,154.322914,93.344336,165.328766,-325.785077,89.148558,94.858705,180.188770,116.234520,-110.149220,-92.650154,153.698141,95.569420,167.617987,-328.668359,90.097970,96.883304,178.166905,116.536702,-112.565408
184,-92.114010,154.313607,96.112977,167.817773,-329.858501,89.722482,96.031632,179.034694,117.057701,-113.384879,-93.329907,152.917818,94.880268,167.364686,-327.159429,90.574036,97.963102,177.066671,115.876150,-111.526436
185,-90.025020,155.479960,94.196609,164.929698,-326.609523,88.309227,94.955038,180.912284,116.696368,-110.448453,-91.895876,152.060244,91.677669,166.109167,-324.172827,90.789916,94.670320,178.773898,115.331351,-109.564053
186,-90.240974,155.405765,94.332759,165.078482,-326.833823,88.365837,94.996070,180.807783,116.669787,-110.682804,-87.073650,156.493967,92.335900,162.896317,-323.544083,87.535567,94.394267,182.340467,117.059650,-107.245667
187,-88.604553,154.842144,94.801276,165.743788,-326.603756,87.024515,95.556521,180.075250,116.113841,-111.188565,-91.400106,155.804996,94.000892,164.607223,-326.996788,89.315940,94.599083,181.326660,117.063581,-110.324556
188,-91.829728,158.716721,96.807353,166.425596,-332.236179,89.906957,92.548563,183.665823,119.563017,-113.774607,-90.432691,161.380615,97.717276,162.710395,-332.082587,87.632166,97.215464,184.122093,118.997754,-111.943414
189,-90.359175,161.983302,96.583320,161.472686,-331.134039,88.171471,95.679437,185.551826,119.434107,-110.773519,-90.504148,160.794804,98.819482,163.913449,-333.004575,87.107962,98.708482,182.732393,118.573619,-113.080552
190,-92.195747,161.902215,99.617604,163.846481,-333.898064,88.893539,99.877723,182.967075,119.293834,-113.220321,-89.016050,159.820615,98.117374,163.972361,-332.218574,85.537191,97.679902,182.525943,117.940047,-112.957597
191,-89.494410,159.600089,97.618861,163.378782,-331.128448,85.878013,98.233034,182.174424,117.549262,-112.139502,-88.014833,160.282181,99.160774,165.214735,-334.500233,84.823842,96.522181,183.261679,118.757967,-114.669888
192,-89.973414,158.520692,97.360834,164.589890,-331.114366,86.501484,96.899150,181.770738,117.681964,-112.685432,-88.895655,160.949335,97.941395,161.864898,-331.146050,85.098675,99.900390,182.679033,117.383385,-111.457090
193,-92.736576,161.073080,99.109006,164.237449,-333.061557,89.688167,99.950554,182.320207,119.011162,-112.910145,-90.627343,164.306703,101.092540,162.712673,-336.323933,86.589120,99.666513,184.842993,120.113583,-114.119830
194,-93.550516,160.803434,99.302493,165.295830,-334.027605,90.581391,99.320186,182.289211,119.394077,-113.742616,-91.903707,161.348998,98.911019,163.154456,-332.073044,88.774170,100.595581,182.351923,118.619342,-112.058314
195,-88.745285,160.775468,96.047601,161.489893,-330.098152,86.485310,95.345420,184.942913,118.555780,-110.591872,-92.068804,163.262788,97.150819,161.454458,-332.231376,89.957658,96.033269,186.196861,120.364537,-110.965942
196,-92.332963,162.709068,96.817459,161.381986,-331.783378,90.276939,96.069556,185.720737,120.069900,-110.849300,-89.735400,168.153983,100.095492,162.094625,-336.188692,87.137350,95.712733,190.402625,122.967167,-111.996283
197,-91.784175,163.110630,97.173885,161.717872,-332.931591,89.430332,94.363289,186.522192,120.579653,-111.724970,-92.881751,162.307506,96.461034,161.046100,-330.635166,91.123545,97.775823,184.919281,119.560147,-109.973630
198,-89.601994,160.301962,95.601777,161.615973,-329.055625,87.391413,95.973808,184.346209,118.040222,-110.148120,-87.273980,161.588663,96.813254,161.273363,-331.888578,84.929178,94.266233,185.967687,119.441196,-111.353967
199,-88.235600,160.067658,95.262700,162.008309,-328.250618,86.718612,95.197524,184.461079,118.455400,-109.447688,-90.511338,160.514498,95.870456,161.395710,-329.697425,87.843875,96.509256,184.301758,117.792358,-110.668660
200,-90.756019,158.729298,98.075342,167.405795,-334.190134,88.380187,93.147985,183.296454,119.467027,-115.402098,-92.582765,158.707901,95.918059,165.738141,-330.865787,90.977746,92.128164,183.924878,119.630338,-112.633179
201,-94.528826,159.444234,96.919335,165.974939,-331.980243,92.764450,93.738635,183.577362,120.181947,-113.063335,-91.137444,158.161033,95.174420,165.562274,-330.038092,89.650779,90.932082,184.182974,119.220663,-112.313706
202,-91.767208,157.701891,95.099152,167.040109,-330.656837,90.612167,88.702995,184.657883,119.880041,-113.248144,-90.760764,158.435661,95.219441,164.678336,-329.668001,89.075743,92.265368,183.898916,118.826269,-111.754790
203,-90.707372,157.196765,95.228840,165.208833,-329.990525,88.297754,92.804961,182.859105,118.049937,-112.348796,-90.821630,159.848002,95.208726,164.073568,-329.300324,89.962650,91.650232,185.084300,119.711288,-111.077622
204,-95.819613,158.360144,96.969942,166.604631,-332.205907,93.147875,93.306189,182.846280,119.547224,-114.050240,-93.542808,160.272358,96.880678,165.493924,-331.807860,92.471557,94.068976,184.135828,120.666806,-112.309450
205,-90.966215,157.701662,97.894962,167.833118,-333.438359,88.565101,94.148329,182.061448,118.803121,-115.259541,-90.300595,160.955842,98.466165,166.479927,-335.818980,87.979538,90.980571,185.972302,120.905491,-115.710971
206,-92.565220,158.509903,98.925247,167.698805,-334.320951,89.668428,95.557885,181.764209,119.131372,-115.677201,-89.251339,156.834854,96.790019,167.977164,-332.491810,87.381823,92.636632,182.380225,118.451084,-114.811616
